FlowID, PS, IPG, FS, IFG, t1, t2, t3, t4, t5, host_ifg
41, 361, 7566541, 6702, 18320004, 2, 2, 2, 3, 2,5669.468833333333
101, 399, 7242635, 9573, 16232259, 2, 2, 2, 3, 2,0.033
101, 367, 7211459, 7752, 18378843, 2, 2, 2, 3, 2,46899.072044444445
41, 369, 6813754, 9000, 18296933, 2, 2, 2, 3, 2,5669.468833333333
41, 334, 7751022, 7615, 20064920, 2, 2, 2, 2, 2,5669.468833333333
101, 355, 7226368, 8732, 19230099, 2, 2, 2, 3, 2,46899.00504444444
41, 324, 6801684, 7615, 20064920, 2, 2, 2, 3, 2,5669.468833333333
41, 282, 6273075, 7615, 20064920, 2, 2, 2, 3, 2,5669.468833333333
41, 301, 6878841, 9791, 19700017, 2, 2, 2, 3, 2,5669.468833333333
101, 306, 6622724, 9643, 17340594, 2, 2, 2, 3, 2,822.9208
101, 328, 6622724, 9643, 17340594, 2, 2, 2, 3, 2,822.9208
101, 291, 7568307, 6876, 18069207, 2, 2, 2, 2, 2,822.9538
101, 330, 7373366, 7557, 18069207, 2, 2, 2, 2, 2,822.9538
41, 309, 8316865, 7525, 19372458, 2, 2, 2, 3, 2,5669.468833333333
101, 342, 7815835, 8937, 17789307, 2, 2, 2, 3, 2,46898.871044444444
101, 279, 8077574, 8298, 16661533, 2, 2, 2, 3, 2,823.0208
101, 300, 7921614, 8298, 16661533, 2, 2, 2, 3, 2,823.0208
41, 252, 8047219, 6476, 18866789, 2, 2, 2, 3, 2,5669.468833333333
101, 288, 7808599, 6754, 18188687, 2, 2, 2, 3, 2,0.033
101, 274, 7906403, 5692, 14391740, 2, 2, 2, 3, 2,823.0878
101, 271, 8521194, 5692, 14391740, 2, 2, 2, 2, 2,823.0878
101, 271, 10101114, 7179, 16610978, 2, 2, 2, 2, 2,0.033
101, 263, 10252911, 7179, 16610978, 2, 2, 2, 3, 2,0.033
101, 249, 9860029, 5629, 19891853, 2, 2, 2, 2, 2,823.1538
101, 328, 9522291, 6812, 19072408, 2, 2, 2, 2, 2,823.1538
101, 321, 9796619, 6812, 19072408, 2, 2, 2, 3, 2,0.034
101, 370, 9767616, 7120, 18308325, 2, 2, 2, 3, 2,46898.67104444445
101, 341, 9608393, 7120, 18308325, 2, 2, 2, 2, 2,823.2208
101, 310, 9549421, 7518, 16325862, 2, 2, 2, 2, 2,823.2208
41, 290, 10408863, 5868, 18607503, 2, 2, 2, 3, 2,5669.468833333333
101, 303, 10534955, 5769, 17498927, 2, 2, 2, 2, 2,46898.60504444444
101, 291, 10325416, 5769, 17498927, 2, 2, 2, 3, 2,46898.60504444444
41, 261, 12136048, 5868, 18607503, 2, 2, 2, 3, 2,5669.468833333333
41, 293, 11386469, 5321, 14640554, 2, 2, 2, 3, 2,5669.468833333333
41, 270, 11952479, 5321, 14640554, 2, 2, 2, 3, 2,5669.468833333333
101, 289, 11322962, 5425, 13063245, 2, 2, 2, 3, 2,46898.538044444445
41, 272, 10237813, 4507, 16716713, 2, 2, 2, 3, 2,5669.468833333333
101, 323, 9572042, 4169, 14131605, 2, 2, 2, 3, 2,46898.504044444446
101, 306, 9609292, 4169, 12791161, 2, 2, 2, 2, 2,823.3878
101, 333, 9284633, 4914, 12791161, 2, 2, 2, 3, 2,823.3878
101, 307, 9324970, 4914, 12791161, 2, 2, 2, 3, 2,823.3878
101, 303, 9160885, 5094, 13782024, 2, 2, 2, 3, 2,0.033
41, 293, 9802722, 3899, 14588050, 2, 2, 2, 2, 2,5669.468833333333
101, 272, 9223128, 4088, 14035430, 2, 2, 2, 3, 2,823.4548
101, 272, 9223128, 4088, 14035430, 2, 2, 2, 3, 2,823.4548
101, 257, 10738277, 4495, 12416400, 2, 2, 2, 3, 2,0.033
41, 254, 11047539, 3980, 17062265, 2, 2, 2, 3, 2,5669.468833333333
101, 262, 10639824, 4579, 15102400, 2, 2, 2, 3, 2,823.5208
101, 265, 11037599, 4579, 15102400, 2, 2, 2, 2, 2,823.5208
101, 267, 10553474, 4013, 17137106, 2, 2, 2, 2, 2,0.034
41, 270, 10646954, 3577, 17661326, 2, 2, 2, 2, 2,5669.468833333333
41, 260, 10716510, 3577, 17661326, 2, 2, 2, 3, 2,5669.468833333333
41, 250, 10726739, 3223, 14136551, 2, 2, 2, 3, 2,5669.468833333333
41, 245, 11000018, 3223, 14136551, 2, 2, 2, 3, 2,5669.468833333333
41, 256, 11372202, 3223, 14136551, 2, 2, 2, 3, 2,5669.468833333333
41, 299, 11067493, 4377, 13075869, 2, 2, 2, 3, 2,5669.468833333333
41, 278, 10624175, 3633, 12156139, 2, 2, 2, 2, 2,42052.390011111114
101, 310, 10268057, 3894, 12255649, 2, 2, 2, 3, 2,823.6878
41, 288, 10106517, 3334, 11399780, 2, 2, 2, 3, 2,5669.468833333333
101, 275, 10169541, 4252, 10301701, 2, 2, 2, 3, 2,46898.13704444445
101, 251, 9949609, 3651, 10301701, 2, 2, 2, 3, 2,46898.13704444445
101, 259, 9641368, 3769, 10633650, 2, 2, 2, 2, 2,823.7548
41, 251, 9791848, 3126, 10371651, 2, 2, 2, 3, 2,5669.468833333333
41, 247, 9472704, 3126, 10371651, 2, 2, 2, 2, 2,5669.468833333333
41, 244, 8967382, 3015, 9018375, 2, 2, 2, 3, 2,5669.468833333333
41, 233, 9001659, 3015, 9018375, 2, 2, 2, 3, 2,5669.468833333333
101, 284, 8399820, 4014, 9560088, 2, 2, 2, 2, 2,823.8218
101, 313, 9380628, 4449, 8682938, 2, 2, 2, 2, 2,0.033
101, 313, 9251312, 4449, 8682938, 2, 2, 2, 3, 2,0.033
101, 264, 9797069, 6143, 9007426, 2, 2, 2, 3, 2,823.8878
101, 245, 10455956, 5349, 9524252, 2, 2, 2, 3, 2,46897.97104444444
41, 230, 10126274, 5026, 10504201, 2, 3, 2, 2, 2,5669.468833333333
101, 301, 10097843, 4758, 9449317, 2, 3, 2, 2, 2,823.9218
101, 271, 9898229, 6475, 9329183, 2, 2, 2, 3, 2,823.9548
41, 374, 9567820, 6179, 9681228, 2, 2, 2, 2, 2,5669.468833333333
41, 368, 9815476, 6179, 9681228, 2, 2, 2, 2, 2,5669.468833333333
101, 334, 9452996, 6904, 10465275, 2, 2, 2, 2, 2,46897.87004444445
41, 309, 9504611, 6097, 12274287, 2, 2, 2, 2, 2,5669.468833333333
101, 302, 9790926, 7680, 13124423, 2, 2, 2, 3, 2,46897.837044444444
41, 292, 10188257, 6097, 12274287, 2, 2, 2, 3, 2,5669.468833333333
41, 294, 10884713, 5989, 13269585, 2, 2, 2, 3, 2,5669.468833333333
101, 309, 10619388, 5207, 13651603, 2, 2, 2, 2, 2,46897.80404444444
101, 279, 10068288, 5239, 12716510, 2, 2, 2, 3, 2,824.0888
41, 277, 10509321, 4350, 13626612, 2, 2, 2, 2, 2,5669.468833333333
101, 341, 10459578, 6974, 15844862, 2, 2, 2, 3, 2,0.033
41, 301, 11116465, 4350, 13626612, 2, 2, 2, 3, 2,5669.468833333333
41, 333, 10617776, 7844, 16252488, 2, 2, 2, 3, 2,5669.468833333333
101, 313, 9841745, 6725, 14467865, 2, 2, 2, 3, 2,46897.70404444444
101, 319, 9434015, 6393, 13047209, 2, 2, 2, 3, 2,46897.67004444444
41, 279, 9264687, 5915, 12931916, 2, 2, 2, 2, 2,5669.468833333333
101, 305, 9583469, 5574, 11546362, 2, 3, 2, 2, 2,824.2218
101, 282, 9982873, 5574, 11546362, 2, 3, 2, 2, 2,0.033
41, 342, 10334030, 5612, 11568914, 2, 2, 2, 2, 2,5669.468833333333
101, 325, 10552768, 5452, 11408283, 2, 2, 2, 3, 2,46897.604044444444
101, 340, 10397933, 5966, 10540332, 1, 1, 2, 2, 1,824.2888
41, 311, 9847564, 4952, 11800041, 2, 2, 2, 3, 2,5669.468833333333
101, 341, 10256808, 5870, 11743612, 2, 2, 2, 3, 2,46897.53704444444
101, 330, 10886962, 5870, 11743612, 2, 2, 2, 3, 2,46897.53704444444
101, 281, 10042399, 5068, 12348824, 2, 2, 2, 3, 2,824.3558
41, 264, 10143930, 4302, 11629772, 2, 2, 2, 3, 2,5669.468833333333
101, 271, 9484498, 4580, 12023645, 2, 2, 2, 2, 2,824.3888
41, 259, 9191715, 3921, 11832861, 2, 2, 2, 3, 2,5669.468833333333
41, 277, 8360115, 3921, 11832861, 2, 2, 2, 2, 2,5669.468833333333
41, 264, 8280535, 4920, 11321510, 2, 2, 2, 2, 2,5669.468833333333
41, 301, 7984059, 4920, 11321510, 2, 2, 2, 3, 2,5669.468833333333
41, 266, 8150890, 4920, 11321510, 2, 2, 2, 3, 2,5669.468833333333
41, 285, 7567703, 6112, 11918718, 2, 2, 2, 3, 2,5669.468833333333
41, 285, 7567703, 6112, 11918718, 2, 2, 2, 3, 2,5669.468833333333
41, 392, 8477908, 6112, 11918718, 2, 2, 2, 2, 2,5669.468833333333
101, 401, 8809716, 10948, 14244277, 2, 2, 2, 3, 2,824.5558
41, 376, 8818514, 10127, 13953268, 2, 2, 2, 3, 2,5669.468833333333
41, 348, 8731528, 10127, 13953268, 2, 2, 2, 3, 2,5669.468833333333
101, 363, 9140957, 11684, 14204823, 2, 2, 2, 3, 2,824.5888
41, 331, 8830213, 9397, 14474639, 2, 2, 2, 3, 2,5669.468833333333
101, 367, 8768154, 12350, 16659913, 2, 2, 2, 3, 2,0.034
41, 309, 9489310, 9397, 14474639, 2, 2, 2, 2, 2,5669.468833333333
101, 303, 8870207, 8917, 14295795, 2, 2, 2, 3, 2,824.6558
41, 266, 8808070, 8501, 14299839, 2, 2, 2, 3, 2,5669.468833333333
101, 309, 9310224, 11071, 14457424, 2, 2, 2, 3, 2,0.033
41, 281, 8975520, 8632, 14359723, 2, 2, 2, 3, 2,5669.468833333333
101, 292, 10183221, 8480, 14044038, 2, 2, 2, 3, 2,824.7228
101, 426, 10375378, 8395, 12333707, 2, 2, 2, 2, 2,0.033
41, 405, 10295000, 8140, 13502629, 2, 2, 2, 3, 2,5669.468833333333
41, 368, 10301271, 8140, 13502629, 2, 2, 2, 3, 2,5669.468833333333
101, 460, 9917351, 9778, 13544955, 2, 2, 2, 3, 2,824.7888
41, 413, 9240060, 8634, 15078384, 2, 2, 2, 3, 2,5669.468833333333
41, 413, 9554455, 8634, 15078384, 2, 2, 2, 2, 2,5669.468833333333
101, 362, 9381419, 8149, 13818305, 2, 2, 2, 2, 2,824.8558
41, 354, 9261342, 7901, 14938114, 2, 2, 2, 3, 2,5669.468833333333
101, 340, 9945126, 10398, 14586889, 2, 2, 2, 3, 2,46896.970044444446
41, 305, 9158381, 8493, 13304018, 2, 2, 2, 3, 2,5669.468833333333
41, 321, 9493672, 8493, 13304018, 2, 2, 2, 2, 2,5669.468833333333
41, 302, 9342966, 8493, 13304018, 2, 2, 2, 3, 2,5669.468833333333
41, 353, 8749142, 10594, 15639508, 2, 2, 2, 3, 2,5669.468833333333
101, 319, 8046988, 11269, 13404516, 2, 2, 2, 3, 2,824.9558
41, 303, 8449515, 10594, 15639508, 2, 2, 2, 2, 2,5669.468833333333
101, 325, 8528230, 11103, 15050225, 2, 2, 2, 2, 2,46896.869044444444
41, 292, 8299919, 10113, 15299578, 2, 2, 2, 3, 2,5669.468833333333
41, 316, 8463998, 10113, 15299578, 2, 2, 2, 2, 2,5669.468833333333
41, 294, 9023649, 6862, 15401861, 2, 2, 2, 3, 2,5669.468833333333
101, 333, 8212160, 7125, 15361460, 2, 2, 2, 3, 2,825.0558
41, 306, 8306909, 6862, 15401861, 2, 2, 2, 3, 2,5669.468833333333
41, 383, 8369920, 8285, 16086364, 2, 2, 2, 3, 2,5669.468833333333
41, 344, 8133167, 8285, 16086364, 2, 2, 2, 3, 2,5669.468833333333
41, 377, 8644526, 8285, 16086364, 2, 2, 2, 3, 2,5669.468833333333
101, 500, 8449487, 8374, 12462334, 2, 2, 2, 3, 2,825.1558
41, 481, 8608266, 7874, 14792532, 2, 2, 2, 3, 2,5669.468833333333
41, 436, 8662303, 7874, 14792532, 2, 2, 2, 3, 2,5669.468833333333
101, 464, 8909185, 8300, 12843562, 2, 2, 2, 3, 2,46896.66904444445
101, 449, 8102079, 7101, 13240581, 2, 2, 2, 3, 2,18441.1275
41, 463, 8345002, 6889, 13750522, 2, 2, 2, 3, 2,5669.468833333333
41, 478, 8243562, 6889, 14011021, 2, 2, 2, 2, 2,5669.468833333333
101, 456, 8000858, 7168, 13906467, 2, 2, 2, 3, 2,46896.60304444445
101, 503, 8097656, 7662, 12055242, 2, 2, 2, 3, 2,46896.56904444445
101, 464, 8016202, 7203, 11734169, 2, 2, 2, 3, 2,46896.56904444445
101, 420, 8749049, 6819, 12748431, 2, 2, 2, 3, 2,46896.536044444445
101, 420, 8749049, 6819, 12748431, 2, 2, 2, 3, 2,825.3568
101, 478, 8897925, 10093, 12836630, 2, 2, 2, 3, 2,825.3568
101, 404, 9429972, 7717, 15202081, 2, 2, 2, 3, 2,46896.502044444445
101, 458, 8987571, 8250, 14124455, 2, 2, 2, 3, 2,825.3898
101, 381, 9094358, 6392, 16988374, 2, 2, 2, 2, 2,46896.46904444444
101, 433, 8689647, 8375, 16425364, 2, 2, 2, 3, 2,825.4228
101, 411, 9577535, 8375, 16425364, 2, 2, 2, 2, 2,825.4228
101, 456, 9162734, 10987, 16524153, 2, 2, 2, 3, 2,0.034
41, 429, 9165976, 9704, 17622540, 2, 2, 2, 3, 2,5669.468833333333
101, 438, 8538245, 10067, 15426357, 2, 2, 2, 3, 2,825.4898
101, 438, 8538245, 10067, 15426357, 2, 2, 2, 2, 2,0.033
101, 402, 8849914, 7354, 16463330, 2, 2, 2, 3, 2,46896.33604444445
101, 365, 8684186, 7354, 16463330, 2, 2, 2, 3, 2,825.5568
101, 459, 7974468, 10267, 16203110, 2, 2, 2, 3, 2,825.5568
41, 402, 8481147, 9069, 17091985, 2, 2, 2, 3, 2,5669.468833333333
41, 421, 7954315, 9069, 17091985, 2, 2, 2, 3, 2,5669.468833333333
41, 381, 8010078, 6949, 17431703, 2, 2, 2, 3, 2,5669.468833333333
41, 366, 7922042, 6949, 17431703, 2, 2, 2, 3, 2,5669.468833333333
101, 355, 7879929, 7587, 17353955, 2, 2, 2, 3, 2,0.034
101, 378, 7600864, 9727, 17140407, 2, 2, 2, 3, 2,0.034
41, 322, 7097165, 8590, 18170391, 2, 2, 2, 2, 2,5669.468833333333
101, 370, 6664522, 8941, 15946453, 2, 2, 2, 3, 2,825.6898
41, 322, 6291655, 6556, 17565481, 2, 2, 2, 3, 2,5669.468833333333
101, 350, 6604417, 8145, 18606479, 2, 2, 2, 3, 2,0.034
101, 325, 7341674, 7015, 17917273, 2, 2, 2, 2, 2,46896.13504444445
41, 308, 7836269, 6556, 17565481, 2, 2, 2, 3, 2,5669.468833333333
41, 357, 8100730, 8649, 18273159, 2, 2, 2, 3, 2,5669.468833333333
101, 390, 7807652, 8859, 15943734, 2, 2, 2, 3, 2,825.7898
101, 362, 8300103, 8859, 15943734, 2, 2, 2, 3, 2,825.7898
101, 323, 8316186, 8859, 15943734, 2, 2, 2, 3, 2,0.034
101, 395, 7887482, 8002, 17752740, 2, 2, 2, 3, 2,46896.03504444444
101, 334, 8190944, 6856, 17752740, 2, 2, 2, 3, 2,825.8568
101, 360, 8021655, 8370, 18388187, 2, 2, 2, 3, 2,46896.002044444445
101, 327, 7802673, 8370, 17591191, 2, 2, 2, 3, 2,825.8898
101, 374, 7446257, 10462, 17591191, 2, 2, 2, 2, 2,825.8898
41, 312, 6959166, 7669, 18761736, 2, 2, 2, 3, 2,5669.468833333333
101, 331, 8112675, 7772, 17990134, 2, 2, 2, 3, 2,46895.93504444444
101, 331, 8076028, 6102, 17189786, 2, 2, 2, 3, 2,46895.93504444444
101, 325, 7710777, 7507, 16520356, 2, 2, 2, 3, 2,825.9568
101, 303, 7228080, 6175, 16825981, 2, 2, 2, 3, 2,825.9908
101, 358, 7299667, 7559, 16825981, 2, 2, 2, 2, 2,825.9908
101, 346, 7299667, 7559, 15906139, 2, 2, 2, 2, 2,46895.86804444445
101, 322, 7229702, 5801, 16792198, 2, 3, 2, 2, 2,826.0238
41, 301, 7350680, 5410, 17015221, 2, 2, 2, 2, 2,5669.468833333333
101, 352, 7868399, 7700, 16206927, 2, 2, 2, 3, 2,0.033
41, 328, 7784195, 6802, 17352730, 2, 2, 2, 3, 2,5669.468833333333
101, 300, 7999619, 8610, 16742496, 2, 2, 2, 3, 2,826.0908
101, 394, 8239149, 8610, 16742496, 2, 2, 2, 3, 2,826.0908
41, 335, 7461170, 6513, 18569070, 2, 2, 2, 2, 2,5669.468833333333
41, 333, 7354913, 6513, 18569070, 2, 2, 2, 2, 2,5669.468833333333
41, 298, 6853653, 6513, 18569070, 2, 2, 2, 3, 2,5669.468833333333
41, 312, 6950937, 6327, 17426881, 2, 2, 2, 3, 2,5669.468833333333
41, 292, 6602666, 6327, 17426881, 2, 2, 2, 3, 2,5669.468833333333
101, 333, 6794450, 8453, 16790970, 2, 3, 2, 2, 2,826.1908
41, 285, 6389401, 6327, 17426881, 2, 2, 2, 2, 2,5669.468833333333
101, 287, 6266741, 7056, 16875526, 2, 2, 2, 3, 2,826.2238
41, 263, 6235980, 6409, 17213328, 2, 2, 2, 3, 2,5669.468833333333
101, 357, 6729355, 8433, 16295418, 2, 2, 2, 2, 2,0.033
41, 329, 6400980, 7005, 19417587, 2, 2, 2, 2, 2,5669.468833333333
101, 366, 6548714, 7792, 18807398, 2, 2, 2, 3, 2,826.2908
41, 333, 6526100, 7005, 19417587, 2, 2, 2, 2, 2,5669.468833333333
41, 309, 6218718, 5716, 19657835, 2, 2, 2, 3, 2,5669.468833333333
41, 301, 6442453, 5716, 19657835, 2, 2, 2, 3, 2,5669.468833333333
41, 276, 6500866, 5716, 19657835, 2, 2, 2, 3, 2,5669.468833333333
41, 305, 6602671, 6998, 20785826, 2, 2, 2, 3, 2,5669.468833333333
101, 345, 6233743, 7394, 19366174, 2, 2, 2, 3, 2,46895.468044444446
101, 325, 6349668, 7394, 19366174, 2, 2, 2, 2, 2,46895.468044444446
101, 335, 6568625, 8815, 18019101, 2, 2, 2, 3, 2,826.4238
41, 285, 6527231, 8546, 19012298, 2, 2, 2, 3, 2,5669.468833333333
101, 338, 6285791, 6923, 17096989, 2, 2, 2, 3, 2,826.4578
41, 282, 6553683, 6115, 18124626, 2, 2, 2, 2, 2,5669.468833333333
101, 321, 6343078, 6759, 16891743, 2, 2, 2, 2, 2,826.4908
41, 277, 5938753, 6115, 18124626, 2, 2, 2, 3, 2,5669.468833333333
41, 274, 6442850, 4958, 18499586, 2, 2, 2, 2, 2,5669.468833333333
41, 250, 6694064, 4958, 18499586, 2, 2, 2, 3, 2,5669.468833333333
101, 282, 7579285, 6426, 16192768, 2, 2, 2, 2, 2,826.5578
101, 301, 7184085, 6335, 17630842, 2, 2, 2, 2, 2,826.5908
41, 285, 7004366, 5342, 19378784, 2, 2, 2, 3, 2,5669.468833333333
101, 262, 7764264, 6335, 19965355, 2, 2, 2, 3, 2,0.034
41, 280, 7483024, 4648, 18779373, 2, 2, 2, 2, 2,5669.468833333333
41, 260, 7673105, 4648, 18779373, 2, 2, 2, 3, 2,5669.468833333333
101, 244, 9060619, 6216, 17930372, 2, 2, 2, 3, 2,46895.201044444446
41, 216, 9467762, 5414, 21475053, 2, 2, 2, 2, 2,5669.468833333333
41, 319, 9002295, 5414, 21475053, 2, 2, 2, 3, 2,5669.468833333333
41, 275, 8385991, 7318, 18080328, 2, 2, 2, 3, 2,5669.468833333333
41, 291, 7824511, 7318, 18080328, 2, 2, 2, 3, 2,5669.468833333333
101, 291, 8030112, 7547, 17112937, 2, 2, 2, 3, 2,0.033
101, 294, 6969731, 8283, 17112937, 2, 2, 2, 3, 2,0.033
41, 280, 7213208, 6879, 20077485, 2, 2, 2, 3, 2,5669.468833333333
101, 294, 6801004, 6696, 19066379, 2, 2, 2, 3, 2,826.7908
41, 266, 6624954, 5913, 18530070, 2, 2, 2, 3, 2,42052.390011111114
41, 276, 6738941, 6154, 17017491, 2, 2, 2, 3, 2,5669.468833333333
41, 264, 6526127, 6154, 17017491, 2, 2, 2, 3, 2,5669.468833333333
41, 247, 7054837, 6154, 17017491, 2, 2, 2, 3, 2,5669.468833333333
101, 334, 7058617, 7497, 16139116, 2, 2, 2, 3, 2,826.8578
41, 288, 7607482, 6227, 19271344, 2, 2, 2, 3, 2,5669.468833333333
101, 375, 7277598, 8215, 20243067, 2, 2, 2, 3, 2,46894.968044444446
101, 375, 7277598, 8215, 20243067, 2, 2, 2, 3, 2,46894.968044444446
41, 325, 7115596, 6215, 21177614, 2, 2, 2, 3, 2,5669.468833333333
101, 324, 7191030, 6874, 21564898, 2, 2, 2, 3, 2,826.9248
101, 335, 6728531, 8285, 19234557, 2, 2, 2, 3, 2,0.033
41, 316, 6527563, 6883, 21829868, 2, 2, 2, 3, 2,5669.468833333333
101, 369, 6447006, 7666, 20192686, 2, 2, 2, 2, 2,826.9918
101, 340, 6617541, 7666, 20192686, 2, 2, 2, 3, 2,826.9918
101, 298, 6386281, 7907, 19187258, 2, 2, 2, 2, 2,46894.83404444445
41, 268, 6186300, 8483, 20505407, 2, 2, 2, 2, 2,5669.468833333333
101, 331, 6102038, 8585, 16743695, 2, 2, 2, 3, 2,46894.801044444444
41, 283, 5743407, 8069, 18788540, 2, 2, 2, 3, 2,5669.468833333333
101, 344, 5637919, 9000, 17828878, 2, 3, 2, 2, 2,827.0918
41, 306, 5736792, 8069, 18788540, 2, 2, 2, 3, 2,5669.468833333333
41, 346, 6605587, 9664, 18864116, 2, 2, 2, 3, 2,5669.468833333333
41, 303, 6315670, 9664, 18864116, 2, 2, 2, 2, 2,5669.468833333333
41, 322, 6465480, 9664, 18864116, 2, 2, 2, 2, 2,5669.468833333333
41, 301, 6531166, 7710, 18934395, 2, 2, 2, 3, 2,5669.468833333333
101, 325, 6508707, 7866, 17603054, 2, 2, 2, 2, 2,46894.667044444446
41, 298, 6548371, 7710, 18934395, 2, 2, 2, 2, 2,5669.468833333333
41, 354, 6399107, 9851, 17926457, 2, 2, 2, 3, 2,5669.468833333333
41, 323, 6227332, 9851, 17926457, 2, 2, 2, 3, 2,5669.468833333333
41, 382, 6671277, 9851, 20218869, 2, 2, 2, 2, 2,5669.468833333333
41, 337, 6172194, 9552, 20218869, 2, 2, 2, 3, 2,5669.468833333333
101, 358, 6300345, 11744, 19976384, 2, 2, 2, 2, 2,46894.56704444445
41, 317, 6101576, 9552, 21357476, 2, 2, 2, 3, 2,5669.468833333333
101, 310, 7144983, 9489, 20530538, 2, 2, 2, 3, 2,827.3248
41, 289, 7289614, 9093, 21357476, 2, 2, 2, 3, 2,5669.468833333333
101, 359, 7175703, 9849, 17655826, 2, 2, 2, 3, 2,827.3588
41, 339, 8419771, 8182, 20548353, 2, 2, 2, 2, 2,5669.468833333333
101, 406, 8190628, 8081, 18358342, 2, 2, 2, 3, 2,46894.46704444444
101, 446, 7792703, 11445, 17377086, 2, 2, 2, 3, 2,827.4248
41, 433, 7958984, 10759, 19571189, 2, 2, 2, 3, 2,5669.468833333333
41, 391, 8510604, 10759, 19571189, 2, 2, 2, 2, 2,5669.468833333333
41, 394, 8363676, 11524, 16644897, 2, 2, 2, 2, 2,5669.468833333333
101, 471, 8190384, 13593, 16192373, 2, 2, 2, 2, 2,827.4918
41, 466, 8247999, 10095, 16644897, 2, 2, 2, 3, 2,5669.468833333333
101, 474, 8442231, 14882, 13885638, 2, 2, 2, 3, 2,827.5248
101, 454, 8558377, 14882, 13885638, 2, 2, 2, 2, 2,827.5248
41, 417, 9394044, 13984, 14593107, 2, 2, 2, 3, 2,5669.468833333333
41, 484, 9018034, 13984, 14593107, 2, 2, 2, 3, 2,5669.468833333333
41, 430, 9156937, 12493, 12531688, 2, 2, 2, 3, 2,5669.468833333333
101, 473, 8820227, 11948, 12956231, 2, 2, 2, 3, 2,46894.267044444445
41, 428, 9258315, 12493, 12531688, 2, 2, 2, 3, 2,5669.468833333333
41, 404, 8968399, 11579, 10677551, 2, 2, 2, 3, 2,5669.468833333333
41, 360, 8227832, 11579, 10677551, 2, 2, 2, 2, 2,5669.468833333333
41, 376, 7904586, 11579, 10677551, 2, 2, 2, 3, 2,5669.468833333333
41, 331, 7737247, 11005, 11838932, 2, 2, 2, 3, 2,5669.468833333333
41, 353, 7199317, 11005, 11838932, 2, 2, 2, 3, 2,5669.468833333333
101, 348, 7316414, 14130, 13007869, 2, 2, 2, 3, 2,46894.13304444445
101, 321, 7036652, 14130, 13841660, 2, 2, 2, 3, 2,46894.13304444445
101, 344, 6580719, 12553, 13404728, 2, 2, 2, 3, 2,827.7588
101, 323, 6642544, 12553, 13404728, 2, 2, 2, 3, 2,827.7588
41, 380, 6370845, 9786, 13492083, 2, 2, 2, 3, 2,5669.468833333333
41, 348, 6245771, 9786, 13492083, 2, 2, 2, 2, 2,5669.468833333333
41, 364, 6265594, 14917, 14787017, 2, 2, 2, 2, 2,5669.468833333333
101, 386, 6103077, 14917, 14787017, 2, 2, 2, 3, 2,46894.03304444445
101, 387, 6387446, 15861, 14010601, 2, 2, 2, 2, 2,46894.000044444445
41, 357, 6203163, 13573, 13534562, 2, 2, 2, 2, 2,5669.468833333333
41, 391, 6053737, 13573, 13534562, 2, 2, 2, 3, 2,5669.468833333333
41, 356, 6236602, 13573, 13534562, 2, 2, 2, 3, 2,5669.468833333333
101, 388, 6519634, 18163, 14571372, 2, 2, 2, 3, 2,46893.93304444444
41, 357, 6297621, 17468, 14406049, 2, 2, 2, 2, 2,5669.468833333333
41, 325, 6800594, 17468, 14406049, 2, 2, 2, 3, 2,5669.468833333333
41, 332, 6947675, 17468, 14406049, 2, 2, 2, 3, 2,5669.468833333333
41, 311, 6506967, 13091, 13266187, 2, 2, 2, 2, 2,5669.468833333333
41, 357, 7167506, 13091, 13266187, 2, 2, 2, 3, 2,5669.468833333333
41, 335, 6979825, 13091, 13266187, 2, 2, 2, 3, 2,5669.468833333333
41, 415, 6564534, 15542, 12287808, 2, 2, 2, 3, 2,5669.468833333333
41, 397, 6654967, 15542, 12287808, 2, 2, 2, 3, 2,5669.468833333333
41, 421, 6921659, 15542, 12287808, 2, 2, 2, 3, 2,5669.468833333333
41, 363, 6968789, 13867, 11164223, 2, 2, 2, 3, 2,5669.468833333333
41, 336, 7734044, 13867, 11164223, 2, 2, 2, 3, 2,5669.468833333333
101, 322, 7841440, 17913, 12851656, 2, 2, 2, 3, 2,46893.733044444445
101, 347, 7946968, 17423, 12235683, 2, 2, 2, 3, 2,46893.733044444445
101, 347, 7946968, 17423, 12235683, 2, 2, 2, 3, 2,46893.733044444445
101, 381, 8863993, 17265, 12427825, 2, 2, 2, 3, 2,46893.70004444444
101, 372, 8763956, 17265, 12427825, 2, 2, 2, 3, 2,46893.70004444444
41, 451, 10424527, 14547, 12016172, 2, 2, 2, 3, 2,5669.468833333333
41, 398, 9834408, 14547, 12016172, 2, 2, 2, 3, 2,5669.468833333333
41, 442, 9011936, 16406, 12144809, 2, 2, 2, 3, 2,5669.468833333333
41, 414, 9532693, 16406, 12144809, 2, 2, 2, 2, 2,5669.468833333333
41, 474, 9000746, 16406, 12144809, 2, 2, 2, 3, 2,5669.468833333333
101, 428, 9873349, 12088, 12571442, 2, 2, 2, 3, 2,828.2928
41, 472, 9406569, 11535, 12777132, 2, 2, 2, 3, 2,5669.468833333333
41, 420, 9947608, 11535, 12777132, 2, 2, 2, 3, 2,5669.468833333333
41, 460, 9287028, 11855, 12048720, 2, 2, 2, 3, 2,5669.468833333333
41, 454, 9500903, 11855, 12048720, 2, 2, 2, 3, 2,5669.468833333333
41, 432, 9153300, 11855, 12048720, 2, 2, 2, 3, 2,5669.468833333333
41, 375, 8496169, 8528, 9791511, 2, 2, 2, 3, 2,5669.468833333333
101, 364, 8509409, 7600, 9461181, 2, 2, 2, 2, 2,46893.466044444445
101, 333, 8938519, 8366, 9108857, 2, 3, 2, 3, 2,46893.43304444444
41, 304, 8633318, 7168, 8828653, 2, 2, 2, 2, 2,5669.468833333333
101, 362, 8111996, 7655, 8821329, 2, 2, 2, 3, 2,828.4598
41, 348, 8423714, 7168, 8828653, 2, 2, 2, 3, 2,5669.468833333333
101, 340, 7932357, 6245, 7972532, 2, 2, 2, 3, 2,828.4928
101, 326, 8271848, 6245, 7972532, 2, 2, 2, 3, 2,828.4928
101, 285, 8208352, 5924, 7872191, 2, 2, 2, 3, 2,46893.333044444444
41, 264, 8597179, 5397, 8704451, 2, 2, 2, 2, 2,5669.468833333333
101, 293, 8157623, 6094, 8737501, 2, 2, 2, 3, 2,828.5598
101, 272, 8727999, 4826, 9631459, 2, 2, 2, 3, 2,46893.299044444444
101, 321, 8550588, 5521, 9835672, 2, 2, 2, 2, 2,46893.26604444444
101, 307, 10055338, 5521, 9835672, 2, 2, 2, 3, 2,828.6258
101, 372, 9064528, 5082, 9753615, 2, 3, 2, 2, 2,46893.233044444445
101, 338, 9064528, 5082, 9753615, 2, 2, 2, 3, 2,46893.233044444445
101, 372, 9092832, 5929, 9434323, 2, 2, 2, 3, 2,828.6598
41, 332, 9825546, 4623, 10401617, 2, 2, 2, 3, 2,5669.468833333333
101, 321, 9567237, 5028, 10498168, 2, 3, 2, 2, 2,46893.16604444444
41, 297, 9304705, 4440, 10543816, 2, 2, 2, 3, 2,42052.390011111114
101, 296, 10979526, 5439, 10876980, 2, 2, 2, 3, 2,828.7268
101, 261, 10950153, 4283, 11032997, 2, 2, 2, 3, 2,46893.13204444444
101, 345, 10466502, 5744, 10723429, 2, 2, 2, 3, 2,828.7598
101, 320, 10401026, 4840, 10994489, 2, 2, 2, 3, 2,828.7928
101, 310, 9270762, 5239, 11579412, 2, 2, 2, 2, 2,828.7928
101, 299, 9793044, 5239, 11579412, 2, 2, 2, 2, 2,828.7928
101, 377, 8822575, 7051, 12118116, 2, 2, 2, 3, 2,46893.032044444444
101, 366, 8730176, 7051, 12118116, 2, 2, 2, 3, 2,46893.032044444444
101, 346, 8573696, 7309, 11159883, 2, 2, 2, 2, 2,828.8598
101, 331, 8782917, 7309, 11159883, 2, 2, 2, 3, 2,828.8598
101, 376, 8477063, 7457, 12725120, 2, 2, 2, 2, 2,46892.966044444445
101, 349, 7957047, 6603, 12032117, 2, 2, 2, 3, 2,46892.966044444445
101, 349, 9584623, 6992, 10598224, 2, 2, 2, 3, 2,46892.932044444446
41, 263, 9573986, 6938, 10911525, 2, 2, 2, 2, 2,5669.468833333333
101, 302, 8846405, 7858, 9574758, 2, 2, 2, 3, 2,828.9598
101, 254, 8618196, 6161, 9114303, 2, 2, 2, 3, 2,46892.89904444444
101, 321, 8131960, 7925, 10271040, 2, 2, 2, 3, 2,828.9928
101, 300, 8804481, 7925, 10271040, 2, 2, 2, 3, 2,828.9928
101, 390, 7984081, 10563, 11532415, 2, 2, 2, 3, 2,0.034
101, 362, 7965147, 8276, 11485169, 2, 2, 2, 3, 2,46892.83204444445
101, 403, 7287446, 9959, 11263929, 2, 2, 2, 2, 2,829.0598
101, 403, 8740421, 9959, 11658201, 2, 2, 2, 3, 2,46892.799044444444
41, 342, 8256061, 7563, 12159225, 2, 2, 2, 3, 2,5669.468833333333
101, 420, 7762447, 9644, 12170374, 2, 2, 2, 3, 2,829.0938
41, 380, 8447311, 7563, 12159225, 2, 2, 2, 2, 2,5669.468833333333
41, 385, 8582051, 10766, 11490918, 2, 2, 2, 2, 2,5669.468833333333
41, 361, 8535835, 10766, 11490918, 2, 2, 2, 2, 2,5669.468833333333
41, 415, 7827104, 10766, 11490918, 2, 2, 2, 3, 2,5669.468833333333
41, 344, 7569462, 8878, 11495891, 2, 2, 2, 3, 2,5669.468833333333
101, 390, 7246328, 10510, 12266759, 2, 2, 2, 3, 2,46892.665044444446
101, 392, 7084811, 10510, 12898606, 2, 2, 2, 3, 2,829.2268
101, 421, 6588057, 12499, 12394986, 2, 2, 2, 3, 2,46892.63204444444
41, 403, 6782321, 12022, 12310661, 2, 2, 2, 3, 2,5669.468833333333
101, 407, 6469153, 13342, 11982952, 2, 2, 2, 3, 2,46892.59904444445
41, 338, 6147710, 11597, 11222309, 2, 2, 2, 2, 2,5669.468833333333
41, 383, 6303069, 11597, 11222309, 2, 2, 2, 2, 2,5669.468833333333
41, 358, 6570347, 11597, 11222309, 2, 2, 2, 3, 2,5669.468833333333
41, 391, 6942539, 13772, 12712615, 2, 2, 2, 3, 2,5669.468833333333
41, 366, 6814784, 13772, 12712615, 2, 2, 2, 3, 2,5669.468833333333
101, 398, 6339300, 14237, 12171167, 2, 2, 2, 2, 2,829.3598
101, 369, 7146636, 11145, 12448078, 2, 2, 2, 3, 2,46892.49904444444
101, 389, 6760844, 12712, 13290538, 2, 2, 2, 3, 2,829.3938
101, 382, 6797630, 12712, 13290538, 2, 2, 2, 3, 2,829.3938
101, 530, 6434374, 14875, 12948283, 2, 2, 2, 3, 2,46892.432044444446
101, 482, 6254185, 14875, 12948283, 2, 2, 2, 3, 2,46892.432044444446
101, 427, 6305291, 16738, 14342964, 2, 2, 2, 3, 2,46892.398044444446
101, 415, 6370535, 15726, 13645515, 2, 3, 2, 2, 2,46892.398044444446
41, 374, 6428307, 12845, 14198448, 2, 2, 2, 2, 2,5669.468833333333
101, 462, 6586481, 14496, 14700430, 2, 3, 2, 2, 2,829.4938
41, 430, 7353683, 12845, 14198448, 2, 2, 2, 2, 2,5669.468833333333
101, 460, 8291574, 15102, 13896087, 2, 2, 2, 3, 2,46892.33204444445
41, 424, 8112080, 14415, 14806968, 2, 2, 2, 3, 2,5669.468833333333
101, 434, 7278962, 13638, 13227337, 2, 2, 2, 3, 2,46892.29804444445
41, 381, 7461503, 10632, 13352835, 2, 2, 2, 2, 2,5669.468833333333
101, 390, 7376849, 12338, 14512277, 2, 2, 2, 2, 2,46892.265044444444
101, 353, 7702480, 11268, 12314688, 2, 2, 2, 3, 2,829.6268
41, 379, 7335460, 9952, 13919238, 2, 2, 2, 3, 2,5669.468833333333
41, 368, 7229333, 9952, 13919238, 2, 2, 2, 3, 2,5669.468833333333
101, 372, 7107942, 10651, 13409361, 2, 2, 2, 3, 2,829.6608
101, 334, 8245970, 8346, 12784273, 2, 2, 2, 3, 2,829.6938
101, 357, 8086342, 8425, 13203111, 2, 2, 2, 3, 2,829.6938
41, 315, 9268975, 7601, 13190029, 2, 2, 2, 3, 2,5669.468833333333
41, 347, 9582853, 7052, 12920281, 2, 2, 2, 3, 2,5669.468833333333
41, 322, 9432442, 7052, 12920281, 2, 2, 2, 3, 2,5669.468833333333
41, 436, 9421427, 7052, 12920281, 2, 2, 2, 3, 2,5669.468833333333
41, 475, 9135226, 6710, 10798909, 2, 2, 2, 2, 2,5669.468833333333
101, 460, 8937279, 6815, 10175227, 2, 2, 2, 3, 2,829.7938
101, 513, 8044805, 6747, 9687421, 2, 2, 2, 3, 2,46892.03104444445
41, 450, 8382807, 5774, 9829280, 2, 2, 2, 3, 2,5669.468833333333
101, 424, 8064238, 6723, 11412995, 2, 2, 2, 2, 2,829.8608
41, 373, 7990712, 5774, 9829280, 2, 2, 2, 3, 2,5669.468833333333
41, 395, 7373016, 4931, 12081437, 2, 2, 2, 3, 2,5669.468833333333
101, 390, 7307427, 5194, 11944951, 2, 2, 2, 3, 2,46891.96504444444
101, 398, 7857182, 5920, 11021841, 2, 2, 2, 3, 2,46891.93104444444
41, 356, 7483830, 4955, 11904263, 2, 2, 2, 2, 2,5669.468833333333
101, 401, 7647050, 5973, 10978190, 2, 2, 2, 3, 2,46891.898044444446
101, 352, 7550146, 5973, 10719574, 2, 2, 2, 2, 2,829.9938
41, 401, 7209260, 6242, 11252333, 2, 2, 2, 3, 2,5669.468833333333
101, 362, 6577291, 5198, 9571317, 2, 2, 2, 3, 2,830.0278
41, 365, 6554548, 4650, 9732644, 2, 2, 2, 3, 2,5669.468833333333
41, 320, 6693782, 4650, 9732644, 2, 2, 2, 2, 2,5669.468833333333
101, 329, 6598417, 5623, 9968369, 2, 2, 2, 3, 2,46891.79804444445
101, 341, 6835460, 5194, 11349888, 2, 2, 2, 3, 2,830.0948
41, 339, 7310206, 4387, 10814827, 2, 2, 2, 3, 2,5669.468833333333
101, 349, 7207366, 5541, 10481498, 2, 2, 2, 3, 2,830.1278
101, 330, 7146464, 4935, 10595142, 2, 2, 2, 3, 2,46891.731044444445
101, 350, 6775136, 4459, 10765478, 2, 2, 2, 3, 2,46891.69804444444
101, 328, 7182057, 4459, 10765478, 2, 2, 2, 3, 2,46891.69804444444
41, 303, 6474458, 5686, 9958563, 2, 2, 2, 2, 2,5669.468833333333
101, 272, 6744327, 4443, 10689812, 2, 2, 2, 2, 2,46891.66404444444
101, 317, 6348782, 5290, 10191269, 2, 2, 2, 2, 2,830.2278
41, 294, 6370799, 4529, 10261997, 2, 2, 2, 2, 2,5669.468833333333
41, 337, 6148070, 4266, 9657078, 2, 2, 2, 2, 2,5669.468833333333
101, 330, 6418887, 4013, 9614158, 2, 2, 2, 3, 2,46891.59804444444
41, 306, 6306034, 3131, 9428895, 2, 2, 2, 3, 2,5669.468833333333
41, 278, 6016613, 3131, 9428895, 2, 2, 2, 3, 2,5669.468833333333
41, 287, 6090136, 3131, 9428895, 2, 2, 2, 3, 2,5669.468833333333
101, 278, 6192318, 5353, 9020914, 2, 2, 2, 3, 2,830.3278
41, 244, 5756455, 4583, 9261695, 2, 2, 2, 3, 2,5669.468833333333
41, 303, 5945664, 4583, 9261695, 2, 2, 2, 3, 2,5669.468833333333
41, 338, 5957373, 6273, 12390626, 2, 2, 2, 3, 2,5669.468833333333
101, 338, 5971786, 6541, 12435000, 2, 2, 2, 3, 2,830.3948
101, 397, 6129137, 7285, 10901744, 2, 2, 2, 3, 2,46891.43104444444
101, 379, 6023622, 6849, 10901744, 2, 2, 2, 3, 2,46891.43104444444
101, 399, 6245597, 7750, 11252370, 2, 2, 2, 2, 2,830.4618
41, 365, 6291264, 6238, 11472514, 2, 2, 2, 3, 2,5669.468833333333
101, 418, 6418791, 6664, 11726379, 2, 2, 2, 2, 2,830.4948
41, 360, 5883863, 5680, 11287140, 2, 2, 2, 3, 2,5669.468833333333
41, 377, 5961419, 5680, 11733534, 2, 2, 2, 3, 2,5669.468833333333
41, 338, 5844305, 5405, 11733534, 2, 2, 2, 3, 2,5669.468833333333
101, 412, 6430404, 6894, 10921515, 2, 2, 2, 3, 2,46891.29704444444
41, 398, 6353432, 5549, 11830686, 2, 2, 2, 2, 2,5669.468833333333
101, 387, 5485596, 6517, 11837950, 2, 2, 2, 3, 2,46891.26404444445
101, 362, 6066562, 6517, 10789226, 2, 2, 2, 2, 2,830.6278
41, 350, 5957454, 7051, 11201744, 2, 2, 2, 3, 2,5669.468833333333
41, 320, 5991847, 7051, 11201744, 2, 2, 2, 3, 2,5669.468833333333
101, 342, 5905352, 11471, 12169818, 2, 2, 2, 3, 2,46891.197044444445
101, 340, 5928091, 11471, 13050852, 2, 2, 2, 3, 2,830.6948
41, 329, 5476907, 8944, 12525183, 2, 2, 2, 3, 2,5669.468833333333
41, 377, 5786868, 8944, 12525183, 2, 2, 2, 3, 2,5669.468833333333
101, 380, 5879740, 7730, 10097408, 2, 2, 2, 3, 2,830.7288
101, 389, 5876557, 8284, 9312701, 2, 2, 2, 3, 2,830.7618
41, 389, 6009017, 6332, 8920589, 2, 2, 2, 3, 2,5669.468833333333
41, 354, 6055450, 6079, 8787946, 2, 2, 2, 3, 2,5669.468833333333
101, 413, 5756064, 8654, 9306343, 2, 2, 2, 3, 2,46891.06304444445
41, 374, 5706748, 6079, 8787946, 2, 2, 2, 3, 2,5669.468833333333
41, 388, 5141272, 6079, 8787946, 2, 2, 2, 3, 2,5669.468833333333
41, 366, 5256182, 8472, 9548817, 2, 2, 2, 3, 2,5669.468833333333
101, 365, 5181443, 9764, 9235558, 2, 2, 2, 2, 2,46890.99704444445
41, 333, 5081896, 8472, 9548817, 2, 2, 2, 3, 2,5669.468833333333
41, 432, 5023092, 9290, 11413148, 2, 2, 2, 3, 2,5669.468833333333
41, 432, 4969516, 9290, 11413148, 2, 2, 2, 3, 2,5669.468833333333
41, 367, 4705495, 9290, 11413148, 2, 2, 2, 3, 2,5669.468833333333
101, 404, 5830647, 9583, 10314220, 2, 2, 2, 3, 2,0.034
101, 414, 5700624, 7721, 11175536, 2, 2, 2, 3, 2,830.9618
41, 444, 6057571, 7953, 11593245, 2, 2, 2, 3, 2,5669.468833333333
41, 378, 6063007, 7953, 11593245, 2, 2, 2, 3, 2,5669.468833333333
101, 418, 6137936, 8160, 11704743, 2, 2, 2, 3, 2,46890.864044444446
101, 490, 6185640, 11987, 12307559, 2, 2, 2, 2, 2,831.0288
41, 477, 6153243, 9188, 13031926, 2, 2, 2, 3, 2,5669.468833333333
41, 442, 7426802, 9640, 13031926, 2, 2, 2, 2, 2,5669.468833333333
101, 506, 7517498, 8918, 11523802, 2, 2, 2, 2, 2,46890.79704444444
101, 534, 7102561, 8661, 10218882, 2, 2, 2, 3, 2,18435.2545
41, 547, 7344291, 8398, 11467697, 2, 2, 2, 2, 2,5669.468833333333
101, 537, 7246777, 8391, 10330414, 2, 2, 2, 2, 2,831.1288
41, 553, 7290019, 8398, 11467697, 2, 2, 2, 3, 2,5669.468833333333
101, 543, 6707569, 8523, 11489183, 2, 2, 2, 3, 2,831.1618
101, 522, 7790355, 8523, 11489183, 2, 2, 2, 3, 2,831.1618
41, 496, 8295437, 6964, 11631111, 2, 2, 2, 3, 2,5669.468833333333
41, 470, 7377765, 9225, 13392257, 2, 2, 2, 2, 2,5669.468833333333
101, 505, 6940467, 11116, 12654787, 2, 2, 2, 3, 2,46890.63004444444
101, 481, 6899740, 10127, 12654787, 2, 2, 2, 3, 2,46890.63004444444
41, 432, 7212015, 8404, 13531097, 2, 2, 2, 3, 2,5669.468833333333
41, 460, 7631345, 8404, 13531097, 2, 2, 2, 3, 2,5669.468833333333
101, 483, 6601141, 10646, 12673471, 2, 2, 2, 3, 2,831.2958
41, 446, 6569788, 9701, 14602363, 2, 2, 2, 3, 2,5669.468833333333
101, 406, 6462255, 9560, 14850137, 2, 2, 2, 2, 2,831.3288
101, 393, 6411255, 9560, 14850137, 2, 2, 2, 2, 2,831.3288
101, 376, 6394123, 7577, 13622691, 2, 2, 2, 2, 2,831.3628
101, 360, 6461569, 6738, 13333673, 2, 2, 2, 2, 2,46890.496044444444
101, 392, 6822763, 8167, 15292911, 2, 2, 2, 3, 2,46890.46304444444
101, 443, 6288609, 10259, 14388178, 2, 2, 2, 2, 2,46890.430044444445
41, 439, 6612923, 8667, 15345890, 2, 2, 2, 2, 2,5669.468833333333
41, 436, 6638352, 8513, 14976450, 2, 2, 2, 3, 2,5669.468833333333
41, 380, 6372475, 8513, 14976450, 2, 2, 2, 3, 2,5669.468833333333
41, 380, 6366443, 8513, 14976450, 2, 2, 2, 2, 2,5669.468833333333
41, 397, 6279694, 9545, 17494531, 2, 2, 2, 3, 2,5669.468833333333
101, 389, 6690085, 11674, 15917040, 2, 2, 2, 3, 2,831.5288
101, 357, 6927629, 10039, 15541933, 2, 2, 2, 3, 2,46890.33004444445
41, 313, 6382819, 9146, 17198025, 2, 2, 2, 2, 2,5669.468833333333
101, 324, 6400824, 9877, 16350975, 2, 2, 2, 2, 2,46890.29604444445
41, 297, 6334238, 9146, 17198025, 2, 2, 2, 2, 2,5669.468833333333
41, 335, 6867150, 11004, 17261501, 2, 2, 2, 3, 2,5669.468833333333
101, 343, 6496526, 10807, 15121549, 2, 2, 2, 3, 2,831.6288
41, 378, 6496526, 11004, 17261501, 2, 2, 2, 2, 2,5669.468833333333
41, 329, 6566783, 8302, 17488556, 2, 2, 2, 3, 2,5669.468833333333
101, 382, 6575879, 9636, 17482093, 2, 2, 2, 3, 2,46890.19604444444
101, 335, 6294949, 9636, 14758829, 2, 2, 2, 2, 2,831.6958
41, 373, 6129974, 9052, 16955688, 2, 2, 2, 3, 2,5669.468833333333
41, 340, 5877544, 9052, 16955688, 2, 2, 2, 3, 2,5669.468833333333
101, 429, 6122881, 9601, 14799550, 2, 2, 2, 3, 2,831.7298
41, 382, 5671648, 7494, 17425868, 2, 2, 2, 3, 2,5669.468833333333
101, 426, 5819766, 8042, 16407965, 2, 2, 2, 3, 2,831.7628
41, 398, 6006393, 7494, 17425868, 2, 2, 2, 3, 2,5669.468833333333
101, 448, 5940928, 7571, 12971498, 2, 2, 2, 3, 2,46890.06304444445
41, 398, 5479247, 6923, 14137789, 2, 2, 2, 3, 2,5669.468833333333
101, 489, 5538232, 11694, 13387999, 2, 2, 2, 3, 2,46890.02904444445
101, 465, 5610998, 10326, 13387999, 2, 2, 2, 3, 2,46890.02904444445
101, 424, 6031856, 9449, 16260150, 2, 2, 2, 3, 2,831.8628
41, 403, 6948888, 8575, 16963182, 2, 2, 2, 3, 2,5669.468833333333
41, 506, 6677830, 9256, 15811324, 2, 2, 2, 3, 2,5669.468833333333
41, 464, 7334632, 9256, 15811324, 2, 2, 2, 3, 2,5669.468833333333
41, 474, 7011640, 9256, 15811324, 2, 2, 2, 3, 2,5669.468833333333
41, 461, 6579580, 9999, 16388398, 2, 2, 2, 3, 2,5669.468833333333
41, 461, 6473138, 9999, 16388398, 2, 2, 2, 2, 2,5669.468833333333
41, 409, 6224781, 9999, 16388398, 2, 2, 2, 3, 2,5669.468833333333
101, 474, 6128676, 11476, 13313643, 2, 2, 2, 3, 2,46889.86304444444
41, 476, 6140239, 10789, 15565133, 2, 2, 2, 2, 2,5669.468833333333
41, 436, 6268206, 10789, 15565133, 2, 2, 2, 2, 2,5669.468833333333
41, 405, 6170719, 10702, 16131915, 2, 2, 2, 2, 2,5669.468833333333
41, 420, 6233408, 10702, 16131915, 2, 2, 2, 3, 2,5669.468833333333
41, 381, 6857775, 10702, 16131915, 2, 2, 2, 3, 2,5669.468833333333
101, 407, 6606220, 11804, 14146452, 2, 2, 2, 3, 2,832.0968
101, 419, 6435059, 11804, 13649148, 2, 2, 2, 3, 2,0.033
101, 445, 6377413, 10569, 13550669, 2, 3, 2, 2, 2,46889.729044444444
41, 390, 6164348, 9333, 15009843, 2, 2, 2, 3, 2,5669.468833333333
101, 428, 6068277, 10771, 14569340, 2, 2, 2, 3, 2,832.1628
41, 449, 6390169, 9333, 15009843, 2, 2, 2, 2, 2,5669.468833333333
101, 469, 6262936, 8251, 14138348, 2, 2, 2, 3, 2,46889.66204444444
101, 546, 5798589, 10671, 13806016, 2, 2, 2, 3, 2,46889.629044444446
41, 530, 5840191, 8315, 14197775, 2, 2, 2, 3, 2,5669.468833333333
101, 465, 7009996, 9684, 14600306, 2, 2, 2, 3, 2,832.2628
41, 452, 8021860, 8216, 14855870, 2, 2, 2, 3, 2,5669.468833333333
41, 517, 7645545, 8216, 14855870, 2, 2, 2, 3, 2,5669.468833333333
41, 458, 7648334, 9365, 16042747, 2, 2, 2, 3, 2,5669.468833333333
101, 523, 7405078, 11648, 16031733, 2, 2, 2, 2, 2,832.3298
101, 503, 7195439, 11648, 16031733, 2, 2, 2, 3, 2,832.3298
101, 533, 10383256, 10230, 18878361, 2, 3, 2, 2, 2,46889.49504444445
41, 486, 11280531, 8808, 18003012, 2, 2, 2, 3, 2,5669.468833333333
101, 535, 10261102, 9689, 17192891, 2, 2, 2, 2, 2,832.3968
41, 487, 9965550, 8049, 20176784, 2, 2, 2, 3, 2,5669.468833333333
101, 528, 9321160, 8678, 18708582, 2, 2, 2, 3, 2,832.4298
41, 468, 9494137, 7661, 18553301, 2, 2, 2, 2, 2,5669.468833333333
101, 476, 8960847, 6707, 16889667, 2, 2, 2, 3, 2,46889.39504444444
101, 462, 9467322, 6707, 16889667, 2, 2, 2, 2, 2,46889.39504444444
41, 562, 8998979, 6364, 20032702, 2, 2, 2, 3, 2,5669.468833333333
101, 540, 8289300, 8086, 18320471, 2, 2, 2, 2, 2,832.5298
101, 515, 8429740, 8086, 18320471, 2, 2, 2, 2, 2,832.5298
41, 443, 9450945, 5930, 19317455, 2, 2, 2, 3, 2,5669.468833333333
41, 469, 9183037, 5930, 19317455, 2, 2, 2, 3, 2,5669.468833333333
41, 423, 8960414, 5930, 19317455, 2, 2, 2, 3, 2,5669.468833333333
101, 482, 8951649, 8924, 17476920, 2, 2, 2, 3, 2,832.5968
41, 437, 8600334, 7648, 20940585, 2, 2, 2, 2, 2,5669.468833333333
101, 517, 8043975, 9968, 19475698, 2, 2, 2, 3, 2,832.6298
101, 495, 8397879, 9968, 19475698, 2, 2, 2, 2, 2,832.6298
101, 505, 8586623, 9095, 20036589, 2, 2, 2, 2, 2,46889.195044444445
101, 446, 8585507, 8287, 20036589, 2, 2, 2, 3, 2,46889.195044444445
101, 539, 8101737, 10931, 19497790, 2, 2, 2, 3, 2,832.6968
41, 468, 8530693, 8937, 18233111, 2, 2, 2, 3, 2,5669.468833333333
101, 458, 8474669, 9076, 17729186, 2, 2, 2, 2, 2,46889.16204444444
101, 573, 8412748, 9045, 15779567, 2, 2, 2, 2, 2,46889.12804444444
41, 549, 9938965, 7061, 18169589, 2, 2, 2, 3, 2,5669.468833333333
41, 530, 9308826, 7061, 18169589, 1, 1, 1, 1, 1,5669.468833333333
41, 477, 9100405, 7061, 18169589, 2, 2, 2, 3, 2,5669.468833333333
101, 502, 8815897, 9488, 17082974, 2, 2, 2, 3, 2,46889.06204444444
41, 453, 8317649, 8129, 20595075, 2, 2, 2, 3, 2,5669.468833333333
41, 429, 8127522, 8129, 20595075, 2, 2, 2, 3, 2,5669.468833333333
101, 489, 7933341, 11167, 19135309, 2, 2, 2, 3, 2,832.8308
41, 435, 7394722, 8129, 20562026, 2, 2, 2, 2, 2,5669.468833333333
101, 415, 7233785, 9782, 20216142, 2, 2, 2, 2, 2,46888.99504444445
41, 381, 7239876, 8579, 20562026, 2, 2, 2, 3, 2,5669.468833333333
101, 468, 6898191, 11558, 17965507, 2, 2, 2, 3, 2,46888.962044444444
41, 416, 6647250, 10864, 19921678, 2, 2, 2, 3, 2,5669.468833333333
41, 400, 7479118, 10864, 19921678, 2, 2, 2, 2, 2,5669.468833333333
101, 430, 6911347, 12802, 18766416, 2, 2, 2, 3, 2,832.9308
41, 395, 6897350, 10864, 19921678, 2, 2, 2, 3, 2,5669.468833333333
41, 400, 6536022, 9850, 18631660, 2, 2, 2, 3, 2,5669.468833333333
41, 357, 6337345, 9850, 18631660, 2, 2, 2, 3, 2,5669.468833333333
41, 422, 6171616, 9850, 18631660, 2, 2, 2, 2, 2,5669.468833333333
41, 375, 6150716, 11524, 18189866, 2, 2, 2, 3, 2,5669.468833333333
101, 446, 5930699, 15649, 18542047, 2, 2, 2, 3, 2,833.0308
101, 389, 5933146, 12217, 15693559, 2, 2, 2, 3, 2,46888.828044444446
101, 456, 5581758, 12967, 19303645, 2, 2, 2, 3, 2,833.0638
41, 439, 5704694, 10797, 19823418, 2, 2, 2, 3, 2,5669.468833333333
41, 438, 6732658, 10797, 19823418, 2, 2, 2, 3, 2,5669.468833333333
41, 394, 6610305, 11627, 18025651, 2, 2, 2, 3, 2,5669.468833333333
101, 451, 6204810, 14755, 17887783, 2, 2, 2, 3, 2,833.1308
41, 397, 6026491, 11627, 18025651, 2, 2, 2, 3, 2,5669.468833333333
101, 479, 6677419, 17019, 17362145, 2, 2, 2, 3, 2,0.033
41, 440, 6473417, 15997, 19350254, 2, 2, 2, 3, 2,5669.468833333333
101, 467, 6549982, 16858, 17496625, 2, 2, 2, 3, 2,46888.661044444445
41, 425, 6258406, 14436, 20908042, 2, 2, 2, 2, 2,5669.468833333333
101, 432, 5981178, 14137, 19975867, 2, 2, 2, 2, 2,833.2308
41, 392, 6035427, 14436, 20908042, 2, 2, 2, 3, 2,5669.468833333333
41, 373, 6013060, 9778, 21259085, 2, 2, 2, 3, 2,5669.468833333333
101, 427, 6198369, 10850, 21283109, 2, 2, 2, 3, 2,833.2638
41, 382, 6159195, 9778, 21259085, 2, 2, 2, 3, 2,5669.468833333333
41, 375, 6056930, 10796, 22490568, 2, 2, 2, 3, 2,5669.468833333333
101, 409, 5744656, 11808, 20824142, 2, 2, 2, 3, 2,833.3308
41, 368, 5849286, 11096, 20562406, 2, 2, 2, 3, 2,42052.390011111114
41, 348, 6213630, 11878, 19529693, 2, 2, 2, 2, 2,5669.468833333333
101, 317, 6565060, 10374, 19296223, 2, 2, 2, 3, 2,46888.494044444444
101, 406, 6566216, 13043, 18096638, 2, 2, 2, 3, 2,833.3978
101, 358, 7564112, 13043, 18096638, 2, 2, 2, 3, 2,833.3978
101, 389, 7318315, 10818, 19194601, 2, 2, 2, 2, 2,0.033
101, 373, 7248241, 10190, 18708766, 2, 2, 2, 3, 2,46888.428044444445
101, 341, 6950348, 12318, 17764702, 2, 2, 2, 3, 2,833.4648
41, 322, 7100171, 11395, 17226710, 2, 2, 2, 3, 2,5669.468833333333
41, 335, 7255272, 11395, 17226710, 2, 2, 2, 3, 2,5669.468833333333
41, 306, 7137568, 9709, 15075808, 2, 2, 2, 3, 2,5669.468833333333
101, 310, 6725527, 12098, 16073785, 2, 2, 2, 3, 2,46888.328044444446
41, 289, 6559352, 9709, 15075808, 2, 2, 2, 3, 2,5669.468833333333
41, 278, 6829332, 9709, 15075808, 2, 2, 2, 2, 2,5669.468833333333
41, 257, 6629257, 11423, 15953859, 2, 2, 2, 3, 2,5669.468833333333
41, 244, 6866872, 11423, 15953859, 2, 2, 2, 2, 2,5669.468833333333
101, 324, 6725304, 12183, 15726866, 2, 2, 2, 3, 2,46888.26104444444
101, 335, 6081761, 10833, 15378489, 2, 2, 2, 2, 2,833.6308
41, 336, 6343617, 9797, 15678716, 2, 2, 2, 3, 2,5669.468833333333
41, 317, 6265817, 9797, 15678716, 2, 2, 2, 3, 2,5669.468833333333
41, 317, 5903069, 10712, 15357805, 2, 2, 2, 3, 2,5669.468833333333
101, 302, 6036884, 10385, 15237857, 2, 2, 2, 3, 2,46888.19404444445
41, 336, 5856026, 10712, 15357805, 2, 2, 2, 3, 2,5669.468833333333
41, 306, 6397461, 7987, 13883292, 2, 2, 2, 3, 2,5669.468833333333
101, 342, 6216502, 8858, 13955389, 2, 2, 2, 3, 2,46888.127044444445
41, 321, 6132736, 7987, 13883292, 2, 2, 2, 3, 2,5669.468833333333
41, 302, 6497405, 9434, 13970807, 2, 2, 2, 3, 2,5669.468833333333
101, 295, 6212133, 9885, 13818937, 2, 2, 2, 3, 2,46888.09404444444
41, 277, 5748384, 9434, 13970807, 2, 2, 2, 3, 2,5669.468833333333
41, 257, 5919754, 8979, 13032773, 2, 2, 2, 3, 2,5669.468833333333
41, 319, 5575451, 8979, 13032773, 2, 2, 2, 3, 2,5669.468833333333
41, 289, 5430370, 8979, 13032773, 2, 2, 2, 2, 2,5669.468833333333
41, 298, 5198844, 8936, 12809353, 2, 2, 2, 3, 2,5669.468833333333
101, 283, 5371574, 9660, 13005213, 2, 2, 2, 2, 2,833.8648
101, 300, 5017537, 10907, 13179353, 2, 2, 2, 3, 2,46887.96104444445
41, 280, 5378837, 8936, 13811098, 2, 2, 2, 3, 2,5669.468833333333
41, 298, 5469481, 8910, 13811098, 2, 2, 2, 3, 2,5669.468833333333
101, 285, 5626996, 9617, 13695128, 2, 2, 2, 3, 2,46887.92704444444
41, 276, 5933511, 11633, 13892065, 2, 2, 2, 3, 2,5669.468833333333
101, 278, 5974793, 12380, 13099701, 2, 2, 2, 3, 2,46887.894044444445
101, 325, 5831896, 11941, 12967487, 2, 2, 2, 3, 2,46887.86104444444
41, 275, 6761201, 9064, 13385826, 2, 2, 2, 3, 2,5669.468833333333
41, 345, 6501817, 9064, 13385826, 2, 2, 2, 2, 2,5669.468833333333
41, 328, 6537127, 9064, 13385826, 2, 2, 2, 3, 2,5669.468833333333
41, 367, 6042971, 12354, 15254805, 2, 2, 2, 3, 2,5669.468833333333
101, 349, 6071966, 11976, 15100142, 2, 2, 2, 3, 2,46887.79404444445
101, 400, 6149946, 13160, 13896450, 2, 2, 2, 3, 2,834.0988
41, 363, 7123527, 9647, 16270651, 2, 2, 2, 3, 2,5669.468833333333
101, 377, 6361020, 14525, 15820344, 2, 2, 2, 2, 2,834.1318
41, 355, 5968845, 9647, 16270651, 2, 2, 2, 2, 2,5669.468833333333
101, 384, 5577918, 16874, 13642602, 2, 2, 2, 2, 2,834.1648
101, 364, 5529046, 14468, 15746514, 2, 3, 2, 2, 2,46887.69404444445
41, 385, 5254724, 15372, 15477409, 2, 2, 2, 3, 2,5669.468833333333
101, 393, 5222370, 15714, 14725186, 2, 2, 2, 2, 2,834.1988
101, 357, 5366153, 15714, 14725186, 2, 2, 2, 2, 2,834.1988
101, 375, 5190803, 11329, 16019832, 2, 2, 2, 3, 2,46887.627044444445
41, 361, 4923979, 10821, 16178125, 2, 2, 2, 3, 2,42052.390011111114
101, 375, 4824811, 13602, 14634902, 2, 2, 2, 3, 2,46887.59404444444
41, 359, 4891814, 13187, 15485529, 2, 2, 2, 3, 2,5669.468833333333
41, 386, 5349811, 13187, 15485529, 2, 2, 2, 2, 2,5669.468833333333
41, 375, 5318773, 13187, 15485529, 2, 2, 2, 2, 2,5669.468833333333
41, 344, 5481217, 12189, 14208626, 2, 2, 2, 3, 2,5669.468833333333
101, 376, 5442441, 13532, 14323118, 2, 2, 2, 2, 2,18432.0185
41, 345, 6630507, 12189, 14208626, 2, 2, 2, 3, 2,5669.468833333333
41, 355, 6458808, 12716, 15456442, 2, 2, 2, 2, 2,5669.468833333333
41, 320, 6347577, 12716, 15456442, 2, 2, 2, 2, 2,5669.468833333333
41, 331, 6027034, 12716, 15456442, 2, 2, 2, 3, 2,5669.468833333333
41, 308, 6423109, 12716, 15456442, 2, 2, 2, 2, 2,5669.468833333333
41, 307, 5911063, 9245, 16250065, 2, 2, 2, 3, 2,5669.468833333333
41, 275, 5667648, 9245, 16250065, 2, 2, 2, 3, 2,5669.468833333333
41, 322, 5893639, 9245, 16250065, 2, 2, 2, 3, 2,5669.468833333333
41, 290, 5590000, 7938, 13473809, 2, 2, 2, 3, 2,5669.468833333333
101, 285, 5196219, 7657, 12180862, 2, 2, 2, 2, 2,834.4988
41, 264, 5248776, 7938, 13473809, 2, 2, 2, 2, 2,5669.468833333333
41, 317, 5788948, 5653, 14356034, 2, 2, 2, 3, 2,5669.468833333333
41, 304, 6413790, 5653, 14356034, 2, 2, 2, 2, 2,5669.468833333333
101, 337, 6844815, 8699, 12806695, 2, 2, 2, 3, 2,46887.29304444444
41, 310, 6588537, 7331, 13959346, 2, 2, 2, 3, 2,5669.468833333333
101, 334, 6499196, 8083, 12972205, 2, 2, 2, 2, 2,834.5988
101, 303, 6374289, 7158, 12311497, 2, 2, 2, 3, 2,46887.26004444445
41, 279, 5958589, 5942, 13260142, 2, 2, 2, 3, 2,5669.468833333333
41, 276, 5747783, 5942, 13260142, 2, 2, 2, 3, 2,5669.468833333333
101, 274, 5848561, 9148, 12913018, 2, 2, 2, 3, 2,834.6658
41, 251, 5535665, 8079, 14440745, 2, 2, 2, 3, 2,5669.468833333333
101, 269, 5497578, 8894, 14280761, 2, 2, 2, 3, 2,834.6988
41, 253, 5375098, 8079, 14440745, 2, 2, 2, 2, 2,5669.468833333333
41, 246, 5852295, 8057, 12649888, 2, 2, 2, 3, 2,5669.468833333333
101, 301, 5769121, 8309, 11363903, 2, 2, 2, 3, 2,834.7328
101, 263, 6361079, 6728, 12939413, 2, 2, 2, 2, 2,46887.12604444444
101, 278, 6335746, 7955, 12257401, 2, 2, 2, 2, 2,834.7658
41, 258, 6427158, 6607, 16078562, 2, 2, 2, 2, 2,5669.468833333333
101, 283, 6404703, 8899, 16299986, 2, 2, 2, 2, 2,46887.06004444444
101, 275, 6534796, 8899, 16299986, 2, 2, 2, 3, 2,46887.06004444444
101, 264, 6408251, 7276, 18478254, 2, 2, 2, 3, 2,46887.02604444444
41, 252, 6406691, 6945, 18608121, 2, 2, 2, 3, 2,5669.468833333333
101, 263, 6168820, 5886, 16699725, 2, 2, 2, 3, 2,834.8658
41, 252, 6283687, 5202, 17804906, 2, 2, 2, 3, 2,5669.468833333333
101, 260, 5982043, 8770, 18614181, 2, 2, 2, 3, 2,0.033
41, 240, 6002815, 5202, 17804906, 2, 2, 2, 3, 2,5669.468833333333
41, 262, 6033681, 6467, 18939883, 2, 2, 2, 3, 2,5669.468833333333
41, 245, 7292988, 6467, 18939883, 2, 2, 2, 3, 2,5669.468833333333
101, 285, 6767681, 9539, 16368202, 2, 2, 2, 3, 2,46886.89304444444
41, 270, 6656560, 8967, 18425345, 2, 2, 2, 3, 2,5669.468833333333
101, 326, 6566283, 10293, 16957007, 2, 2, 2, 3, 2,46886.860044444446
101, 298, 6545746, 10293, 16196472, 2, 2, 2, 3, 2,835.0328
41, 323, 6276595, 12473, 17244026, 2, 2, 2, 2, 2,5669.468833333333
101, 345, 5975269, 11034, 16154561, 2, 2, 2, 3, 2,835.0658
41, 376, 5840389, 12473, 17244026, 2, 2, 2, 3, 2,5669.468833333333
41, 337, 6203590, 9940, 17956162, 2, 2, 2, 3, 2,5669.468833333333
101, 393, 6212226, 11109, 17169519, 2, 2, 2, 3, 2,46886.75904444444
101, 382, 6039153, 14169, 15802296, 2, 2, 2, 3, 2,835.1328
101, 393, 5972044, 14169, 15802296, 2, 2, 2, 3, 2,835.1328
41, 357, 5997699, 13737, 16941319, 2, 2, 2, 3, 2,5669.468833333333
41, 340, 5813887, 13737, 16941319, 2, 2, 2, 3, 2,5669.468833333333
41, 354, 5726217, 12746, 19294790, 2, 2, 2, 3, 2,5669.468833333333
41, 394, 5527715, 12746, 19294790, 2, 2, 2, 3, 2,5669.468833333333
41, 350, 5654832, 12746, 19294790, 2, 2, 2, 3, 2,5669.468833333333
101, 392, 5428970, 13448, 15903380, 2, 2, 2, 3, 2,835.2328
101, 375, 5459676, 11183, 16800525, 2, 3, 2, 2, 2,46886.62604444444
101, 407, 5383103, 14003, 14852099, 2, 2, 2, 2, 2,46886.593044444446
101, 390, 5342362, 14003, 14852099, 2, 2, 2, 2, 2,46886.593044444446
41, 385, 5351844, 13161, 17007559, 2, 2, 2, 2, 2,5669.468833333333
41, 360, 5481119, 13161, 17007559, 2, 2, 2, 3, 2,5669.468833333333
41, 401, 5475792, 16421, 18277869, 2, 2, 2, 3, 2,5669.468833333333
41, 359, 5360077, 16421, 18277869, 2, 2, 2, 2, 2,5669.468833333333
101, 410, 5437088, 17502, 16805918, 2, 3, 2, 2, 2,835.3658
101, 389, 5748049, 17502, 16805918, 2, 3, 2, 2, 2,835.3658
101, 381, 5584588, 15190, 18269250, 2, 2, 2, 3, 2,835.3998
41, 376, 5697226, 14527, 19824721, 2, 2, 2, 3, 2,5669.468833333333
41, 366, 5784175, 14934, 16375196, 2, 2, 2, 3, 2,5669.468833333333
101, 387, 5548542, 15051, 16107535, 2, 2, 2, 3, 2,835.4328
41, 399, 5830771, 14934, 16375196, 2, 2, 2, 3, 2,5669.468833333333
101, 396, 5790160, 15451, 15421825, 2, 2, 2, 3, 2,835.4668
41, 353, 5683349, 12825, 18676858, 2, 2, 2, 3, 2,5669.468833333333
101, 358, 5721581, 13053, 18168063, 2, 2, 2, 3, 2,46886.35904444444
41, 333, 5785218, 12825, 18676858, 2, 2, 2, 3, 2,5669.468833333333
41, 313, 5478572, 9486, 18353086, 2, 2, 2, 2, 2,5669.468833333333
41, 294, 5361344, 9486, 18353086, 2, 2, 2, 2, 2,5669.468833333333
101, 290, 5642896, 9785, 17157940, 2, 2, 2, 3, 2,835.5668
41, 265, 5523464, 9486, 18353086, 2, 2, 2, 3, 2,5669.468833333333
41, 252, 5854896, 7636, 19267976, 2, 2, 2, 3, 2,5669.468833333333
41, 285, 5870121, 7636, 19267976, 2, 2, 2, 3, 2,5669.468833333333
41, 278, 6044412, 7636, 19267976, 2, 2, 2, 3, 2,5669.468833333333
41, 323, 5652560, 10348, 19908076, 2, 2, 2, 3, 2,5669.468833333333
101, 295, 5617709, 9160, 18915282, 2, 2, 2, 3, 2,46886.22604444445
101, 313, 5657483, 11834, 17567052, 2, 2, 2, 2, 2,835.6668
101, 290, 5477734, 11834, 16560469, 2, 2, 2, 3, 2,46886.19204444445
41, 274, 5290818, 9714, 17082297, 2, 2, 2, 2, 2,5669.468833333333
41, 283, 5685028, 9714, 17082297, 2, 2, 2, 3, 2,5669.468833333333
41, 275, 6094819, 9714, 17082297, 2, 2, 2, 3, 2,5669.468833333333
41, 303, 5738730, 9339, 16427651, 2, 2, 2, 3, 2,5669.468833333333
41, 279, 5748239, 9339, 16427651, 2, 2, 2, 3, 2,5669.468833333333
41, 281, 6098582, 9339, 16427651, 2, 2, 2, 3, 2,5669.468833333333
41, 257, 5844155, 7028, 14629164, 2, 2, 2, 3, 2,5669.468833333333
101, 287, 5737391, 6885, 12620727, 2, 2, 2, 3, 2,46886.059044444446
41, 259, 5400585, 7028, 14629164, 2, 2, 2, 3, 2,5669.468833333333
101, 255, 5326710, 7293, 14204287, 2, 2, 2, 2, 2,46886.02504444445
41, 262, 5413992, 7523, 14440522, 2, 2, 2, 3, 2,5669.468833333333
101, 262, 5860482, 7480, 11673381, 2, 2, 2, 2, 2,835.8668
41, 263, 6056622, 6213, 15636378, 2, 2, 2, 3, 2,5669.468833333333
101, 266, 5886599, 6907, 14747388, 2, 2, 2, 3, 2,46885.95904444445
101, 276, 5701695, 7661, 13426921, 2, 2, 2, 3, 2,835.9338
41, 264, 5557240, 7203, 15653159, 2, 2, 2, 3, 2,5669.468833333333
41, 273, 5649670, 7203, 15653159, 2, 2, 2, 3, 2,5669.468833333333
41, 255, 5877942, 7203, 15653159, 2, 2, 2, 3, 2,5669.468833333333
101, 253, 5774019, 5433, 13773086, 2, 2, 2, 3, 2,836.0008
101, 281, 5718742, 6614, 13773086, 2, 2, 2, 3, 2,836.0008
41, 240, 5836459, 5109, 14574963, 2, 2, 2, 3, 2,5669.468833333333
41, 272, 5422039, 8329, 14801150, 2, 2, 2, 3, 2,5669.468833333333
41, 255, 5585063, 8329, 14801150, 2, 2, 2, 2, 2,5669.468833333333
41, 282, 5340872, 8329, 14801150, 2, 2, 2, 3, 2,5669.468833333333
41, 274, 5292308, 8902, 17968088, 2, 2, 2, 2, 2,5669.468833333333
41, 281, 4933924, 8902, 17968088, 2, 2, 2, 3, 2,5669.468833333333
101, 309, 4813648, 9668, 13410638, 2, 2, 2, 3, 2,836.1338
41, 288, 4763099, 9089, 15644858, 2, 2, 2, 3, 2,5669.468833333333
41, 257, 4784745, 9089, 15644858, 2, 2, 2, 3, 2,5669.468833333333
101, 266, 5424706, 10336, 14545009, 2, 2, 2, 2, 2,46885.69204444445
41, 302, 5701413, 9134, 18805922, 2, 2, 2, 2, 2,5669.468833333333
41, 293, 5344698, 9134, 18805922, 2, 2, 2, 2, 2,5669.468833333333
101, 345, 5326226, 12381, 16732343, 2, 2, 2, 2, 2,46885.625044444445
101, 338, 5375251, 11465, 18584782, 2, 2, 2, 2, 2,46885.625044444445
101, 339, 5384034, 13358, 17206368, 2, 2, 2, 3, 2,836.2668
101, 313, 5342791, 11816, 16151746, 2, 2, 2, 2, 2,46885.59204444444
41, 302, 5474528, 11106, 18222969, 2, 2, 2, 3, 2,5669.468833333333
41, 290, 5736273, 11106, 18222969, 2, 2, 2, 2, 2,5669.468833333333
101, 338, 5383321, 11270, 14475854, 2, 2, 2, 3, 2,836.3338
41, 329, 5317037, 10595, 16640008, 2, 2, 2, 2, 2,5669.468833333333
101, 339, 5648122, 10398, 15396957, 2, 2, 2, 3, 2,836.3678
101, 360, 5831283, 10398, 15396957, 2, 2, 2, 3, 2,836.3678
41, 317, 6140222, 8114, 17895301, 2, 2, 2, 3, 2,5669.468833333333
41, 356, 6144013, 8114, 17895301, 2, 2, 2, 2, 2,5669.468833333333
101, 337, 5900053, 8632, 17083867, 2, 2, 2, 3, 2,46885.458044444444
101, 364, 5646621, 8855, 14573734, 2, 2, 2, 3, 2,46885.42504444445
41, 349, 5615978, 8586, 15680436, 2, 2, 2, 3, 2,5669.468833333333
41, 349, 5266062, 8586, 15680436, 2, 2, 2, 2, 2,5669.468833333333
41, 328, 5662512, 8635, 18651266, 2, 2, 2, 3, 2,5669.468833333333
41, 305, 5842544, 8635, 18651266, 2, 2, 2, 2, 2,5669.468833333333
101, 326, 5718892, 8799, 16418085, 2, 2, 2, 3, 2,836.5338
41, 299, 5564893, 8273, 18466310, 2, 2, 2, 3, 2,5669.468833333333
41, 299, 6106696, 8273, 18466310, 2, 2, 2, 3, 2,5669.468833333333
101, 289, 6163751, 9430, 17268258, 2, 2, 2, 3, 2,46885.29104444444
41, 287, 6173119, 8078, 20691135, 2, 2, 2, 3, 2,5669.468833333333
41, 266, 5976598, 8078, 20691135, 2, 2, 2, 3, 2,5669.468833333333
41, 277, 6104861, 8078, 20691135, 2, 2, 2, 3, 2,5669.468833333333
41, 263, 5823218, 7694, 18327651, 2, 2, 2, 3, 2,5669.468833333333
101, 309, 5903652, 8050, 16645039, 2, 2, 2, 3, 2,836.6678
101, 288, 5969383, 8050, 16645039, 2, 2, 2, 3, 2,836.6678
41, 251, 5327592, 5897, 15264563, 2, 2, 2, 2, 2,5669.468833333333
41, 262, 5411807, 5897, 15264563, 2, 2, 2, 2, 2,5669.468833333333
41, 309, 6292054, 5897, 15264563, 2, 1, 1, 1, 1,5669.468833333333
41, 281, 5866599, 6281, 13374987, 2, 2, 2, 3, 2,5669.468833333333
101, 305, 6450764, 6856, 12319497, 2, 2, 2, 2, 2,46885.091044444445
41, 289, 6749637, 6281, 13374987, 2, 2, 2, 3, 2,5669.468833333333
41, 366, 6897045, 5347, 12684423, 2, 2, 2, 3, 2,5669.468833333333
41, 346, 6703216, 5347, 12684423, 2, 2, 2, 2, 2,5669.468833333333
101, 334, 6491039, 6869, 13083297, 2, 2, 2, 2, 2,836.8348
41, 312, 6414442, 5924, 11687295, 2, 2, 2, 2, 2,5669.468833333333
41, 355, 6582903, 5924, 11687295, 2, 2, 2, 3, 2,5669.468833333333
41, 322, 6325802, 5924, 11687295, 2, 2, 2, 2, 2,5669.468833333333
41, 296, 6154700, 5013, 11920358, 2, 2, 2, 3, 2,5669.468833333333
101, 326, 6142398, 5497, 12047676, 2, 2, 2, 3, 2,46884.958044444444
41, 283, 6231428, 5013, 11920358, 2, 2, 2, 2, 2,5669.468833333333
41, 291, 5963614, 5315, 11067153, 2, 2, 2, 3, 2,5669.468833333333
41, 274, 6303182, 5315, 11067153, 2, 2, 2, 3, 2,5669.468833333333
101, 316, 6283079, 6156, 10970060, 2, 2, 2, 3, 2,46884.89104444444
41, 294, 6118235, 5315, 11067153, 2, 2, 2, 3, 2,5669.468833333333
41, 269, 5913480, 5479, 11804244, 2, 2, 2, 3, 2,5669.468833333333
101, 252, 5799495, 5650, 10533970, 2, 2, 2, 2, 2,46884.858044444445
41, 308, 6073137, 5479, 11804244, 2, 2, 2, 3, 2,5669.468833333333
41, 280, 5762087, 4206, 12152086, 2, 2, 2, 3, 2,5669.468833333333
41, 265, 6212768, 3491, 11197571, 2, 2, 2, 3, 2,5669.468833333333
101, 287, 5815604, 3508, 10915432, 2, 2, 2, 3, 2,46884.79104444444
41, 314, 5931725, 3491, 11197571, 2, 2, 2, 3, 2,5669.468833333333
41, 344, 5749355, 3895, 10503770, 2, 3, 2, 2, 2,5669.468833333333
41, 316, 6890596, 3895, 10503770, 2, 3, 2, 2, 2,5669.468833333333
101, 351, 6196448, 6737, 11985568, 2, 2, 2, 3, 2,46884.72404444445
41, 325, 6026670, 5613, 13417235, 2, 3, 2, 3, 2,5669.468833333333
101, 388, 6365615, 6950, 13324897, 2, 2, 2, 2, 2,837.1678
101, 380, 6490410, 6950, 13324897, 2, 2, 2, 2, 2,837.1678
41, 362, 6977859, 5797, 13519424, 2, 2, 2, 3, 2,5669.468833333333
41, 337, 6586891, 5797, 13519424, 2, 2, 2, 3, 2,5669.468833333333
41, 314, 6870957, 5797, 13519424, 2, 2, 2, 3, 2,5669.468833333333
101, 383, 6844584, 7888, 14289503, 2, 2, 2, 3, 2,0.033
41, 348, 6543320, 6976, 14400256, 2, 2, 2, 3, 2,5669.468833333333
101, 389, 6238001, 7785, 13258209, 2, 2, 2, 3, 2,837.2678
41, 366, 6257415, 6976, 14400256, 2, 2, 2, 3, 2,5669.468833333333
101, 407, 6991199, 7842, 11531040, 2, 2, 2, 3, 2,837.3018
41, 359, 6797564, 7603, 12724951, 2, 2, 2, 3, 2,5669.468833333333
41, 399, 7008060, 7603, 12724951, 2, 2, 2, 3, 2,5669.468833333333
41, 375, 6933032, 7877, 14520446, 2, 2, 2, 3, 2,5669.468833333333
41, 358, 8014782, 7877, 14520446, 2, 2, 2, 3, 2,5669.468833333333
41, 386, 8044626, 7877, 14520446, 2, 2, 2, 3, 2,5669.468833333333
41, 497, 8319495, 7185, 12862771, 2, 2, 2, 2, 2,5669.468833333333
101, 452, 8019116, 6170, 11565931, 2, 2, 2, 2, 2,46884.45704444445
41, 513, 7678074, 7185, 12862771, 2, 2, 2, 3, 2,5669.468833333333
41, 448, 7946072, 7235, 11766543, 2, 2, 2, 3, 2,5669.468833333333
41, 495, 7762179, 7235, 11766543, 2, 2, 2, 3, 2,5669.468833333333
101, 481, 7664017, 6852, 10595603, 2, 2, 2, 3, 2,46884.390044444444
41, 422, 7722990, 7235, 11766543, 2, 2, 2, 3, 2,5669.468833333333
41, 392, 7380727, 6602, 10766828, 2, 2, 2, 3, 2,5669.468833333333
41, 370, 7339907, 6602, 10766828, 2, 2, 2, 3, 2,5669.468833333333
41, 355, 7632318, 6602, 10766828, 2, 2, 2, 3, 2,5669.468833333333
41, 308, 7769039, 4949, 11751471, 2, 2, 2, 3, 2,5669.468833333333
101, 300, 8111219, 5150, 10905594, 2, 2, 2, 3, 2,0.034
41, 292, 7821322, 4949, 11751471, 2, 2, 2, 3, 2,5669.468833333333
41, 321, 7742019, 4949, 11751471, 2, 2, 2, 3, 2,5669.468833333333
41, 303, 7377230, 5283, 12213215, 2, 2, 2, 2, 2,5669.468833333333
101, 293, 7249595, 5534, 11170300, 2, 2, 2, 3, 2,837.6018
101, 276, 6935350, 5598, 11167134, 2, 2, 2, 3, 2,0.033
41, 252, 6526431, 4527, 11541865, 2, 2, 2, 2, 2,5669.468833333333
101, 255, 6511926, 6026, 11601289, 2, 2, 2, 3, 2,837.6688
41, 250, 6895209, 4527, 11541865, 2, 3, 2, 2, 2,5669.468833333333
101, 257, 6885656, 5784, 9721448, 2, 3, 2, 3, 2,837.7018
41, 245, 6377647, 5609, 10970228, 2, 2, 2, 3, 2,5669.468833333333
101, 270, 6815187, 7800, 12219280, 2, 2, 2, 3, 2,0.034
101, 269, 6708163, 7800, 12219280, 2, 2, 2, 3, 2,0.034
41, 268, 8028042, 6104, 12383913, 2, 2, 2, 3, 2,5669.468833333333
101, 300, 7500231, 6132, 11125124, 2, 2, 2, 2, 2,837.7688
41, 290, 9271943, 6104, 12383913, 2, 2, 2, 3, 2,5669.468833333333
41, 400, 8690056, 7567, 14015786, 2, 2, 2, 3, 2,5669.468833333333
101, 380, 8642091, 7114, 13808337, 2, 2, 2, 3, 2,46884.05604444444
101, 362, 7898192, 7248, 12135704, 2, 2, 2, 3, 2,46884.023044444446
41, 322, 7652788, 6015, 13096284, 2, 2, 2, 2, 2,5669.468833333333
101, 342, 7061025, 6814, 13148253, 2, 2, 2, 3, 2,46883.99004444444
41, 314, 6854294, 6015, 13096284, 2, 2, 2, 3, 2,5669.468833333333
101, 323, 6779400, 7265, 11824128, 2, 2, 2, 3, 2,837.9028
41, 284, 6600385, 6831, 14151365, 2, 2, 2, 2, 2,5669.468833333333
101, 341, 6348021, 6908, 12429946, 2, 2, 2, 2, 2,46883.92304444445
41, 302, 6069915, 5732, 13361830, 2, 2, 2, 3, 2,5669.468833333333
101, 325, 7165996, 6095, 13536600, 2, 2, 2, 3, 2,46883.890044444444
41, 296, 6872312, 5732, 16667279, 2, 2, 2, 3, 2,42052.390011111114
101, 370, 7057877, 6026, 16718982, 2, 2, 2, 3, 2,838.0018
101, 348, 7029874, 6026, 16718982, 2, 2, 2, 3, 2,838.0018
101, 401, 7742501, 7953, 17017892, 2, 2, 2, 3, 2,0.034
101, 365, 7413446, 6918, 14908286, 2, 2, 2, 3, 2,46883.82304444444
101, 382, 7160132, 6330, 13912494, 2, 2, 2, 3, 2,46883.790044444446
101, 352, 7065585, 5765, 12877243, 2, 2, 2, 3, 2,46883.790044444446
41, 408, 6735708, 5575, 14077381, 2, 2, 2, 3, 2,5669.468833333333
41, 384, 6414339, 5575, 14077381, 2, 2, 2, 2, 2,5669.468833333333
41, 366, 6584812, 5575, 14077381, 2, 2, 2, 3, 2,5669.468833333333
41, 323, 6463188, 4178, 13173809, 2, 2, 2, 2, 2,5669.468833333333
101, 348, 6162700, 4769, 12480207, 2, 2, 2, 3, 2,838.1688
41, 318, 6118004, 4178, 13173809, 2, 2, 2, 3, 2,5669.468833333333
101, 385, 6350491, 7000, 13104826, 2, 2, 2, 2, 2,0.034
101, 341, 6022214, 5348, 12958272, 2, 3, 2, 2, 2,838.2358
101, 338, 6052672, 5348, 12958272, 2, 2, 2, 3, 2,838.2358
41, 341, 6212049, 4217, 13416071, 2, 2, 2, 2, 2,5669.468833333333
41, 328, 6637046, 4217, 13416071, 2, 2, 2, 3, 2,5669.468833333333
41, 312, 6913937, 4217, 13416071, 2, 2, 2, 3, 2,5669.468833333333
101, 341, 6754976, 7376, 13931889, 2, 2, 2, 3, 2,0.034
101, 311, 7317112, 5129, 17711120, 2, 2, 2, 3, 2,838.3358
101, 305, 7059953, 5873, 17711120, 2, 2, 2, 3, 2,838.3358
41, 262, 6805029, 4515, 19471853, 2, 2, 2, 3, 2,5669.468833333333
41, 256, 7208617, 4515, 19471853, 2, 2, 2, 3, 2,5669.468833333333
41, 232, 6737345, 4515, 19471853, 2, 2, 2, 3, 2,5669.468833333333
41, 259, 6715044, 5648, 19573986, 2, 2, 2, 3, 2,5669.468833333333
101, 257, 6694101, 6101, 17869358, 2, 2, 2, 2, 2,838.4028
101, 299, 6597474, 6170, 17539051, 2, 2, 2, 3, 2,0.033
41, 282, 7019948, 4747, 17021169, 2, 2, 2, 3, 2,5669.468833333333
41, 328, 6458991, 4747, 17021169, 2, 2, 2, 3, 2,5669.468833333333
41, 299, 6394772, 4747, 17021169, 2, 2, 2, 2, 2,5669.468833333333
41, 297, 6150707, 7187, 17180202, 2, 2, 2, 3, 2,5669.468833333333
41, 278, 6530951, 7187, 17180202, 2, 2, 2, 2, 2,5669.468833333333
101, 338, 6298785, 7355, 15667513, 2, 2, 2, 2, 2,838.5358
41, 283, 6302466, 5741, 18114418, 2, 2, 2, 2, 2,5669.468833333333
41, 300, 6941725, 5741, 18114418, 2, 2, 2, 2, 2,5669.468833333333
41, 300, 6941725, 5741, 18114418, 2, 2, 2, 3, 2,5669.468833333333
101, 322, 9660516, 5944, 14229589, 2, 2, 2, 3, 2,838.6028
101, 434, 8864387, 8852, 17175358, 2, 2, 2, 3, 2,0.033
101, 388, 9049966, 7386, 16295172, 2, 2, 2, 3, 2,46883.22304444444
101, 378, 8811607, 7386, 16756439, 2, 2, 2, 3, 2,838.6698
101, 357, 7957337, 8281, 16756439, 2, 2, 2, 3, 2,838.6698
41, 317, 7967398, 6524, 17419813, 2, 2, 2, 3, 2,5669.468833333333
41, 358, 7392179, 7716, 14613064, 2, 2, 2, 3, 2,5669.468833333333
41, 374, 7167668, 7716, 14613064, 2, 2, 2, 2, 2,5669.468833333333
41, 391, 6949849, 7716, 14613064, 2, 2, 2, 3, 2,5669.468833333333
41, 353, 7036750, 8352, 17178405, 2, 2, 2, 3, 2,5669.468833333333
101, 389, 6841854, 9837, 16791064, 2, 3, 2, 2, 2,46883.089044444445
41, 410, 7076616, 8352, 17178405, 2, 2, 2, 3, 2,5669.468833333333
41, 419, 6490745, 10158, 16741520, 2, 2, 2, 2, 2,5669.468833333333
101, 475, 6289133, 13797, 15469284, 2, 2, 2, 2, 2,838.8368
41, 419, 5781189, 10158, 16741520, 2, 2, 2, 3, 2,5669.468833333333
41, 439, 5840166, 10597, 17762184, 2, 2, 2, 3, 2,5669.468833333333
101, 443, 5655909, 10644, 16667390, 2, 2, 2, 3, 2,46882.989044444446
41, 377, 6775071, 10597, 16589336, 2, 2, 2, 3, 2,5669.468833333333
41, 354, 6582917, 13897, 16589336, 2, 2, 2, 2, 2,5669.468833333333
101, 404, 6207591, 13120, 14262050, 2, 2, 2, 3, 2,46882.92204444444
41, 361, 5972797, 13897, 17712272, 2, 2, 2, 3, 2,5669.468833333333
101, 432, 6186588, 12930, 17411644, 2, 2, 2, 3, 2,838.9698
41, 399, 6315856, 10892, 17712272, 2, 2, 2, 3, 2,5669.468833333333
101, 419, 6359991, 12539, 13862306, 2, 2, 2, 2, 2,839.0038
101, 402, 6384946, 12539, 13862306, 2, 2, 2, 2, 2,839.0038
41, 410, 6069606, 11789, 16076842, 2, 2, 2, 3, 2,5669.468833333333
41, 409, 6147756, 11789, 17455733, 2, 2, 2, 3, 2,5669.468833333333
101, 427, 5859646, 10011, 16563574, 2, 2, 2, 3, 2,0.033
101, 379, 5884907, 8325, 14809082, 2, 2, 2, 3, 2,46882.78904444444
41, 424, 5631010, 9742, 14697401, 2, 2, 2, 3, 2,5669.468833333333
101, 441, 5504872, 8000, 13566793, 2, 2, 2, 3, 2,839.1038
41, 393, 5684356, 7758, 14697401, 2, 3, 2, 2, 2,5669.468833333333
101, 459, 6495103, 13670, 14663728, 2, 2, 2, 2, 2,839.1368
41, 426, 6203375, 10909, 14428407, 2, 2, 2, 3, 2,42052.390011111114
41, 466, 5684242, 10909, 14428407, 2, 2, 2, 3, 2,42052.390011111114
101, 481, 5613137, 10175, 11937473, 2, 2, 2, 3, 2,46882.655044444444
101, 460, 5588132, 10175, 11937473, 2, 2, 2, 3, 2,46882.655044444444
101, 440, 5886333, 10175, 12911726, 2, 2, 2, 3, 2,46882.62204444445
41, 443, 5939864, 10020, 12414277, 2, 2, 2, 3, 2,5669.468833333333
41, 462, 5988743, 7119, 16595958, 2, 2, 2, 3, 2,5669.468833333333
41, 485, 5762746, 7119, 16595958, 2, 2, 2, 3, 2,5669.468833333333
101, 467, 5774836, 6171, 16098057, 2, 2, 2, 3, 2,46882.589044444445
41, 479, 6116552, 9747, 15070628, 2, 2, 2, 3, 2,5669.468833333333
101, 468, 5656853, 9975, 15010724, 2, 2, 2, 3, 2,839.3038
41, 458, 5463929, 9747, 15070628, 2, 2, 2, 3, 2,5669.468833333333
41, 402, 5620400, 11250, 18295617, 2, 2, 2, 3, 2,5669.468833333333
101, 434, 5428784, 12291, 17655627, 2, 2, 2, 2, 2,46882.48804444444
41, 388, 5299046, 10204, 18764372, 2, 2, 2, 3, 2,42052.390011111114
41, 382, 5769825, 11193, 18356355, 2, 2, 2, 3, 2,5669.468833333333
41, 349, 5731798, 11193, 18356355, 2, 2, 2, 3, 2,5669.468833333333
101, 415, 5704595, 10960, 15811311, 2, 2, 2, 3, 2,839.4368
101, 370, 6287293, 9131, 14394292, 2, 2, 2, 3, 2,46882.42204444444
101, 409, 6740067, 8666, 15467026, 2, 2, 2, 3, 2,839.4708
101, 390, 6740067, 8666, 15467026, 2, 2, 2, 3, 2,839.4708
41, 352, 7866159, 5972, 16530085, 2, 2, 2, 3, 2,5669.468833333333
41, 281, 7556651, 5972, 16530085, 2, 2, 2, 3, 2,5669.468833333333
101, 317, 7532437, 5917, 16082055, 2, 2, 2, 2, 2,839.5368
41, 293, 7172643, 5972, 16530085, 2, 2, 2, 3, 2,5669.468833333333
101, 290, 7007782, 5477, 16303089, 2, 2, 2, 3, 2,839.5708
41, 269, 6891909, 4517, 16620225, 2, 2, 2, 3, 2,5669.468833333333
41, 245, 6682785, 4517, 16620225, 2, 2, 2, 3, 2,5669.468833333333
41, 241, 6481706, 4780, 17698249, 2, 2, 2, 3, 2,5669.468833333333
101, 264, 6379146, 5659, 16207495, 2, 2, 2, 2, 2,839.6368
41, 249, 6211187, 4780, 17698249, 2, 2, 2, 3, 2,5669.468833333333
101, 334, 5935600, 5448, 16719509, 2, 2, 2, 3, 2,839.6708
101, 304, 5967979, 4712, 16334733, 2, 2, 2, 3, 2,46882.18804444445
41, 296, 5971182, 4190, 16658460, 2, 2, 2, 3, 2,5669.468833333333
41, 275, 6105696, 4813, 16214712, 2, 2, 2, 3, 2,5669.468833333333
41, 260, 6129175, 4813, 16214712, 2, 2, 2, 3, 2,5669.468833333333
41, 267, 6004531, 4813, 16214712, 2, 2, 2, 3, 2,5669.468833333333
41, 277, 6140017, 3970, 18184448, 2, 2, 2, 3, 2,5669.468833333333
41, 266, 6054196, 3970, 18184448, 2, 2, 2, 3, 2,5669.468833333333
41, 239, 5632709, 3970, 18184448, 2, 2, 2, 3, 2,5669.468833333333
41, 218, 5801308, 5280, 17309432, 2, 2, 2, 3, 2,5669.468833333333
41, 209, 5797493, 5280, 17309432, 2, 2, 2, 3, 2,5669.468833333333
101, 262, 5741910, 6154, 16044067, 2, 2, 2, 3, 2,46882.021044444446
101, 283, 5691921, 6493, 14483510, 2, 2, 2, 3, 2,839.8708
41, 274, 5746874, 6296, 15591248, 2, 2, 2, 3, 2,5669.468833333333
101, 274, 5808617, 5904, 13221153, 2, 2, 2, 3, 2,839.9038
101, 283, 6244063, 5904, 13221153, 2, 2, 2, 3, 2,839.9038
101, 253, 6787908, 4354, 16717389, 2, 2, 2, 3, 2,46881.95504444445
41, 236, 6825175, 4904, 16920939, 2, 2, 2, 3, 2,5669.468833333333
41, 255, 7244201, 4904, 16920939, 2, 2, 2, 3, 2,5669.468833333333
41, 234, 7883586, 3976, 17953170, 2, 2, 2, 3, 2,5669.468833333333
41, 256, 7807813, 3976, 17953170, 2, 2, 2, 3, 2,5669.468833333333
41, 234, 7967871, 3976, 17953170, 2, 2, 2, 3, 2,5669.468833333333
101, 269, 9363543, 6335, 17648209, 2, 2, 2, 3, 2,840.0038
41, 249, 9008022, 5265, 20549427, 2, 2, 2, 3, 2,5669.468833333333
101, 302, 8557785, 5720, 18716391, 2, 2, 2, 2, 2,840.0378
101, 294, 9395485, 5720, 18716391, 2, 2, 2, 3, 2,0.033
41, 375, 9221438, 6453, 18667349, 2, 2, 2, 3, 2,5669.468833333333
41, 375, 9292071, 6453, 18667349, 2, 2, 2, 3, 2,5669.468833333333
101, 397, 9192765, 7098, 16737902, 2, 2, 2, 3, 2,46881.754044444446
101, 361, 9293815, 6270, 15592606, 2, 2, 2, 3, 2,46881.754044444446
41, 333, 9076318, 5896, 17694700, 2, 2, 2, 3, 2,5669.468833333333
41, 333, 9618866, 5896, 17694700, 2, 2, 2, 2, 2,5669.468833333333
41, 370, 9901439, 5389, 18887974, 2, 2, 2, 2, 2,5669.468833333333
41, 354, 9566501, 5389, 18887974, 2, 3, 2, 2, 2,5669.468833333333
41, 320, 9474577, 5389, 18887974, 2, 3, 2, 2, 2,5669.468833333333
101, 337, 10375582, 6685, 17331784, 2, 2, 2, 3, 2,46881.65404444445
41, 302, 9864423, 5555, 20304243, 2, 2, 2, 3, 2,5669.468833333333
101, 377, 10352564, 6888, 20173213, 2, 2, 2, 3, 2,46881.621044444444
101, 346, 10401888, 5944, 20173213, 2, 2, 2, 3, 2,840.2708
41, 341, 9250912, 6483, 17822056, 2, 2, 2, 2, 2,42052.390011111114
41, 313, 8550883, 6483, 17822056, 2, 2, 2, 2, 2,42052.390011111114
101, 346, 8534865, 7623, 19050084, 2, 2, 2, 2, 2,0.034
101, 308, 8200437, 5776, 19532087, 2, 2, 2, 3, 2,46881.55404444444
101, 318, 7966698, 6623, 18901912, 2, 3, 2, 2, 2,840.3378
41, 266, 7418249, 6329, 20756129, 2, 2, 2, 3, 2,5669.468833333333
41, 301, 6755527, 6436, 17914506, 2, 2, 2, 3, 2,5669.468833333333
41, 267, 6225602, 6436, 17914506, 2, 2, 2, 3, 2,5669.468833333333
41, 264, 6648955, 6436, 17914506, 2, 2, 2, 2, 2,5669.468833333333
41, 243, 6564088, 6043, 20266444, 2, 2, 2, 3, 2,5669.468833333333
41, 279, 6743792, 6043, 20266444, 2, 2, 2, 3, 2,5669.468833333333
101, 302, 7091550, 5783, 16699554, 2, 2, 2, 3, 2,840.4718
101, 281, 7384096, 5783, 16699554, 2, 2, 2, 3, 2,840.4718
101, 322, 7149838, 6462, 18098645, 2, 2, 2, 3, 2,0.033
101, 322, 7149838, 6462, 18098645, 2, 2, 2, 3, 2,0.033
41, 273, 8387203, 5368, 20894513, 2, 2, 2, 3, 2,5669.468833333333
101, 298, 8201347, 5227, 19919504, 2, 2, 2, 3, 2,840.5378
41, 249, 7690281, 5368, 20894513, 2, 2, 2, 2, 2,5669.468833333333
101, 291, 7219387, 6272, 18723734, 2, 2, 2, 2, 2,0.034
41, 275, 6863741, 5897, 20634371, 2, 2, 2, 3, 2,5669.468833333333
101, 312, 7018423, 6593, 18617692, 2, 2, 2, 3, 2,46881.254044444446
101, 298, 6951045, 6593, 18617692, 2, 2, 2, 3, 2,46881.254044444446
101, 352, 6588092, 7239, 22560149, 2, 2, 2, 3, 2,840.6378
41, 332, 7108479, 5649, 21823718, 2, 2, 2, 2, 2,5669.468833333333
41, 316, 6884842, 5649, 21823718, 2, 2, 2, 3, 2,5669.468833333333
101, 385, 7123887, 7854, 20268866, 2, 2, 2, 3, 2,0.034
41, 331, 6990605, 7384, 22098477, 2, 2, 2, 3, 2,5669.468833333333
101, 400, 6779185, 7950, 18741939, 2, 2, 2, 3, 2,840.7048
41, 351, 6518234, 6810, 21919902, 2, 2, 2, 3, 2,5669.468833333333
101, 360, 7142395, 7619, 21660231, 2, 2, 2, 3, 2,0.034
41, 302, 6721293, 6810, 21919902, 2, 2, 2, 3, 2,5669.468833333333
101, 356, 6852079, 8004, 18446455, 2, 2, 2, 3, 2,840.7718
41, 308, 6385353, 6549, 19363944, 2, 2, 2, 3, 2,42052.390011111114
101, 347, 6473005, 8396, 20698064, 2, 2, 2, 2, 2,0.033
101, 312, 6719030, 7014, 19647360, 2, 2, 2, 3, 2,18425.5455
101, 374, 6668292, 6853, 17848820, 2, 2, 2, 3, 2,46881.02004444444
101, 353, 6803519, 6853, 17848820, 2, 3, 2, 2, 2,46881.02004444444
41, 379, 7480489, 7788, 18633598, 2, 2, 2, 3, 2,5669.468833333333
101, 351, 7003867, 7284, 18224916, 2, 2, 2, 3, 2,18425.4785
101, 351, 7084675, 7901, 17036659, 2, 2, 2, 3, 2,29296.413344444445
41, 314, 7460582, 6167, 19169557, 2, 2, 2, 3, 2,5669.468833333333
101, 346, 7253822, 7109, 18959128, 2, 2, 2, 3, 2,0.034
41, 319, 7099030, 6167, 19169557, 2, 2, 2, 3, 2,5669.468833333333
101, 355, 8460318, 6746, 17046425, 2, 2, 2, 2, 2,840.9718
41, 347, 8108145, 5909, 15328378, 2, 2, 2, 3, 2,5669.468833333333
101, 325, 7755225, 6551, 14577451, 2, 2, 2, 3, 2,0.034
101, 288, 7884493, 5456, 13221249, 2, 2, 2, 3, 2,46880.85304444445
41, 260, 7461700, 4779, 11973534, 2, 2, 2, 2, 2,5669.468833333333
41, 274, 7135557, 4779, 11973534, 2, 2, 2, 3, 2,5669.468833333333
41, 259, 7532739, 4779, 11973534, 2, 2, 2, 2, 2,5669.468833333333
41, 281, 7006437, 4913, 10915034, 2, 2, 2, 3, 2,5669.468833333333
41, 268, 7044054, 4913, 10915034, 2, 2, 2, 3, 2,5669.468833333333
41, 295, 6786248, 4913, 10915034, 2, 2, 2, 3, 2,5669.468833333333
101, 325, 7286202, 5877, 11028399, 2, 3, 2, 2, 2,841.1388
101, 325, 7286202, 5877, 11028399, 2, 2, 2, 3, 2,841.1388
41, 292, 9235531, 4299, 11166944, 2, 2, 2, 3, 2,5669.468833333333
41, 337, 8586065, 7227, 10954970, 2, 2, 2, 2, 2,5669.468833333333
41, 292, 7845498, 7227, 10954970, 2, 2, 2, 3, 2,5669.468833333333
101, 287, 7901446, 6882, 9959073, 2, 2, 2, 3, 2,46880.65304444444
101, 322, 7371295, 8153, 11999511, 2, 2, 2, 2, 2,841.2388
41, 294, 7009717, 6078, 11842222, 2, 2, 2, 3, 2,5669.468833333333
41, 329, 7116561, 6078, 11842222, 2, 2, 2, 3, 2,5669.468833333333
41, 328, 6785063, 9391, 14367117, 2, 2, 2, 3, 2,5669.468833333333
41, 306, 6343377, 9391, 14367117, 2, 2, 2, 2, 2,5669.468833333333
41, 340, 5866819, 9391, 14367117, 2, 2, 2, 3, 2,5669.468833333333
41, 316, 6213831, 7669, 13060021, 2, 2, 2, 2, 2,5669.468833333333
41, 319, 5853374, 7669, 13060021, 2, 2, 2, 3, 2,5669.468833333333
101, 321, 6184704, 8146, 12885486, 2, 2, 2, 3, 2,46880.52004444444
101, 358, 5997666, 12514, 13015441, 2, 2, 2, 3, 2,841.3728
41, 311, 6055460, 11052, 14535716, 2, 2, 2, 3, 2,5669.468833333333
41, 362, 5823768, 11052, 14535716, 2, 2, 2, 3, 2,5669.468833333333
41, 321, 5607738, 12624, 14774271, 2, 2, 2, 3, 2,5669.468833333333
101, 381, 5414342, 14628, 14340177, 2, 2, 2, 2, 2,841.4388
41, 321, 5623244, 12624, 14774271, 2, 2, 2, 3, 2,5669.468833333333
101, 361, 5715683, 15979, 14088569, 2, 2, 2, 3, 2,0.034
101, 384, 5608931, 17185, 16387351, 2, 2, 2, 3, 2,46880.35304444445
41, 405, 5531848, 14110, 15491479, 2, 2, 2, 3, 2,5669.468833333333
41, 361, 6195617, 13819, 16223108, 1, 2, 2, 3, 2,5669.468833333333
41, 401, 5616962, 13819, 16223108, 2, 2, 2, 3, 2,5669.468833333333
41, 379, 7052448, 13819, 16223108, 2, 2, 2, 3, 2,5669.468833333333
41, 413, 6661495, 12688, 13917815, 2, 2, 2, 3, 2,5669.468833333333
41, 362, 6007701, 12688, 13917815, 2, 2, 2, 3, 2,5669.468833333333
101, 409, 6228622, 16270, 15069892, 2, 2, 2, 3, 2,0.033
101, 393, 7218875, 12701, 13190422, 2, 2, 2, 2, 2,46880.25304444444
101, 408, 7114600, 15575, 13356494, 2, 2, 2, 3, 2,841.6388
101, 428, 6987526, 15575, 13356494, 2, 2, 2, 3, 2,841.6388
101, 464, 7515414, 17150, 13047518, 2, 2, 2, 3, 2,46880.18604444445
41, 433, 7972222, 15620, 13444311, 2, 2, 2, 3, 2,5669.468833333333
101, 496, 7268187, 14575, 11331868, 2, 2, 2, 3, 2,46880.15304444444
101, 462, 7623816, 14575, 11331868, 2, 2, 2, 3, 2,46880.15304444444
101, 498, 7319305, 13659, 13299115, 2, 2, 2, 3, 2,841.7388
101, 438, 8688557, 11338, 13336252, 2, 2, 2, 3, 2,841.7728
101, 477, 8296473, 13006, 12533883, 2, 2, 2, 3, 2,841.7728
41, 428, 9022389, 11132, 12291141, 2, 2, 2, 3, 2,5669.468833333333
101, 448, 8199272, 15092, 13562278, 2, 2, 2, 3, 2,46880.053044444445
101, 448, 9183300, 15092, 13562278, 2, 2, 2, 3, 2,46880.053044444445
101, 510, 8702091, 11078, 16151841, 2, 2, 2, 3, 2,46880.019044444445
101, 483, 8729197, 11078, 16151841, 2, 2, 2, 3, 2,46880.019044444445
101, 527, 8429129, 15808, 15835635, 2, 2, 2, 3, 2,841.8728
41, 492, 8507655, 13960, 17200635, 2, 2, 2, 2, 2,5669.468833333333
101, 589, 7645521, 18085, 16337328, 2, 2, 2, 3, 2,841.9058
101, 565, 7745955, 18085, 16337328, 2, 2, 2, 3, 2,841.9058
41, 509, 8205484, 13672, 18226524, 2, 2, 2, 3, 2,5669.468833333333
101, 493, 8334881, 16119, 18879486, 2, 3, 2, 2, 2,46879.91904444445
101, 551, 8360344, 15058, 15700359, 2, 3, 2, 3, 2,46879.88604444444
101, 492, 8244852, 13721, 17521872, 2, 2, 2, 2, 2,46879.88604444444
101, 538, 7624777, 16493, 16109883, 2, 2, 2, 3, 2,46879.852044444444
41, 492, 7407866, 12668, 18246201, 2, 2, 2, 2, 2,5669.468833333333
41, 527, 7489456, 12668, 18246201, 2, 2, 2, 3, 2,5669.468833333333
101, 526, 7322537, 11584, 17703752, 2, 2, 2, 3, 2,46879.81904444445
101, 559, 7034836, 15104, 16119307, 2, 2, 2, 3, 2,46879.786044444445
41, 481, 6766370, 14643, 17215208, 2, 2, 2, 3, 2,5669.468833333333
41, 504, 6441565, 14643, 17215208, 2, 2, 2, 2, 2,5669.468833333333
41, 463, 6791737, 14643, 18100737, 2, 2, 2, 3, 2,5669.468833333333
101, 455, 6570846, 14338, 18413511, 2, 2, 2, 3, 2,842.1398
101, 433, 6825311, 14338, 18413511, 2, 2, 2, 3, 2,842.1398
41, 454, 7414017, 13353, 17402123, 2, 2, 2, 2, 2,5669.468833333333
41, 440, 6893946, 10299, 16167263, 2, 2, 2, 3, 2,42052.390011111114
101, 470, 6629841, 10649, 15886434, 2, 2, 2, 3, 2,842.2068
41, 403, 6224704, 10299, 16181654, 2, 2, 2, 3, 2,5669.468833333333
41, 464, 6036682, 8058, 16181654, 2, 2, 2, 3, 2,5669.468833333333
101, 478, 6470774, 9174, 14276219, 2, 2, 2, 3, 2,842.2738
101, 466, 6377225, 7398, 17712979, 2, 2, 2, 3, 2,46879.585044444444
101, 472, 6040570, 8893, 16939129, 2, 2, 2, 3, 2,842.3068
101, 433, 5833136, 8893, 16939129, 2, 2, 2, 3, 2,842.3068
101, 413, 5755519, 8404, 13606822, 2, 2, 2, 3, 2,46879.519044444445
41, 353, 6421025, 8275, 14180673, 2, 2, 2, 3, 2,5669.468833333333
41, 396, 6016371, 8275, 14180673, 2, 2, 2, 3, 2,5669.468833333333
101, 380, 6080543, 7584, 12124592, 2, 2, 2, 3, 2,46879.485044444446
41, 407, 5806286, 7129, 14419351, 2, 2, 2, 3, 2,5669.468833333333
101, 372, 5842511, 7306, 12601062, 2, 3, 2, 2, 2,46879.45204444444
101, 419, 5619090, 10775, 12288611, 2, 2, 2, 3, 2,842.4398
101, 382, 5561736, 9672, 12146569, 2, 2, 2, 3, 2,46879.41904444445
41, 383, 5302504, 10609, 12884128, 2, 2, 2, 3, 2,5669.468833333333
41, 370, 5401550, 8497, 12547011, 2, 2, 2, 2, 2,5669.468833333333
101, 417, 5480964, 9450, 12026608, 2, 2, 2, 3, 2,46879.352044444444
41, 383, 5541865, 8497, 12547011, 2, 2, 2, 3, 2,5669.468833333333
101, 408, 5820615, 11668, 12949578, 2, 2, 2, 3, 2,46879.31904444445
41, 367, 6742688, 11759, 13022085, 2, 2, 2, 3, 2,5669.468833333333
101, 438, 6230609, 13444, 13110553, 2, 2, 2, 3, 2,46879.28504444444
41, 381, 6162273, 11161, 16756696, 2, 2, 2, 3, 2,5669.468833333333
101, 446, 6113456, 11919, 16079737, 2, 2, 2, 3, 2,46879.252044444445
101, 446, 6113456, 11919, 16079737, 2, 2, 2, 3, 2,46879.252044444445
101, 435, 7071798, 12928, 15482286, 2, 2, 2, 2, 2,46879.218044444446
101, 391, 7062897, 12169, 15226676, 2, 2, 2, 3, 2,46879.218044444446
101, 441, 6659426, 13519, 14213916, 2, 2, 2, 3, 2,842.6738
41, 390, 7066019, 10548, 16985438, 2, 2, 2, 3, 2,5669.468833333333
101, 443, 6476893, 12315, 16253591, 2, 2, 2, 3, 2,842.7068
101, 380, 6922704, 9646, 15358666, 2, 2, 2, 3, 2,46879.15204444445
101, 421, 6633729, 11359, 14608352, 2, 2, 2, 3, 2,842.7408
41, 367, 7383505, 10679, 16785706, 2, 3, 2, 2, 2,5669.468833333333
101, 450, 6865252, 10791, 14929343, 2, 2, 2, 3, 2,842.7738
41, 386, 6727051, 8421, 17524484, 2, 2, 2, 3, 2,5669.468833333333
41, 364, 6733882, 8421, 17524484, 2, 2, 2, 3, 2,5669.468833333333
101, 346, 6561989, 8685, 16481207, 2, 2, 2, 3, 2,46879.05204444444
101, 341, 6074839, 10627, 15488083, 2, 2, 2, 3, 2,842.8408
101, 313, 5993160, 10627, 15488083, 2, 2, 2, 3, 2,842.8408
101, 360, 5579285, 12861, 15926873, 2, 2, 2, 3, 2,46878.985044444446
41, 333, 6121170, 10678, 19115885, 2, 2, 2, 3, 2,5669.468833333333
101, 393, 5652738, 11984, 18326522, 2, 2, 2, 3, 2,46878.95204444444
101, 353, 6882059, 9988, 17639781, 2, 2, 2, 3, 2,46878.95204444444
101, 365, 6753539, 11865, 16442114, 2, 2, 2, 3, 2,842.9408
101, 338, 6642662, 10158, 16082714, 2, 2, 2, 3, 2,46878.91804444444
41, 386, 6741309, 11504, 17492548, 2, 2, 2, 3, 2,5669.468833333333
41, 341, 7199949, 11435, 16454285, 2, 2, 2, 3, 2,5669.468833333333
41, 383, 6802244, 11435, 16454285, 2, 2, 2, 3, 2,5669.468833333333
41, 349, 6817700, 11435, 16454285, 2, 2, 2, 3, 2,5669.468833333333
101, 390, 6645773, 11548, 14239327, 2, 2, 2, 3, 2,843.0408
101, 336, 6535047, 9340, 16904959, 2, 2, 2, 2, 2,46878.818044444444
101, 395, 6012699, 10265, 15623695, 2, 2, 2, 3, 2,843.0738
41, 354, 5838261, 8524, 18837669, 2, 2, 2, 3, 2,5669.468833333333
101, 342, 5679607, 9253, 18026431, 2, 2, 2, 3, 2,46878.75104444444
101, 334, 5689646, 7721, 15645858, 2, 2, 2, 3, 2,843.1408
41, 354, 5713105, 8274, 17897615, 2, 2, 2, 3, 2,5669.468833333333
101, 322, 5870308, 6908, 17732657, 2, 2, 2, 3, 2,46878.718044444446
101, 396, 5820899, 8213, 16922767, 2, 2, 2, 3, 2,843.1738
41, 348, 6436989, 6449, 18679777, 2, 2, 2, 2, 2,5669.468833333333
101, 384, 7016462, 7063, 17799187, 2, 2, 2, 3, 2,843.2078
101, 369, 7016462, 7063, 17799187, 2, 2, 2, 3, 2,843.2078
41, 315, 6719844, 6449, 18679777, 2, 2, 2, 3, 2,5669.468833333333
101, 337, 6550290, 6338, 14148767, 2, 2, 2, 3, 2,46878.61804444445
41, 310, 6272558, 6146, 15274963, 2, 2, 2, 3, 2,5669.468833333333
101, 347, 6598932, 6036, 12541461, 2, 2, 2, 3, 2,46878.585044444444
41, 330, 6501486, 5339, 16953322, 2, 2, 2, 2, 2,5669.468833333333
41, 358, 6256218, 5339, 16953322, 2, 2, 2, 3, 2,5669.468833333333
41, 330, 6118382, 5339, 16953322, 2, 2, 2, 3, 2,5669.468833333333
41, 319, 5746974, 5437, 13486632, 2, 2, 2, 3, 2,5669.468833333333
101, 304, 5855708, 4847, 15458612, 2, 2, 2, 3, 2,843.3738
41, 334, 5471201, 5437, 13486632, 2, 2, 2, 3, 2,5669.468833333333
41, 282, 5224251, 4828, 12409326, 2, 2, 2, 2, 2,5669.468833333333
101, 294, 5577769, 5713, 11901449, 2, 2, 2, 3, 2,46878.451044444446
101, 320, 5598490, 5126, 10635761, 2, 2, 2, 3, 2,843.4408
101, 331, 5513082, 5126, 10635761, 2, 2, 2, 3, 2,843.4408
41, 290, 5589292, 4457, 10023889, 2, 2, 2, 3, 2,5669.468833333333
101, 273, 5469551, 5830, 10263999, 2, 2, 2, 3, 2,46878.38404444444
41, 252, 5487483, 4273, 10551607, 2, 2, 2, 3, 2,5669.468833333333
101, 282, 5557265, 5185, 11166491, 2, 2, 2, 2, 2,46878.35104444445
101, 276, 5557265, 5185, 11166491, 2, 2, 2, 3, 2,46878.35104444445
101, 303, 5650139, 8101, 11891824, 2, 2, 2, 3, 2,46878.31704444445
101, 284, 5963682, 8101, 11891824, 2, 2, 2, 3, 2,46878.31704444445
101, 384, 5815629, 8318, 11015820, 2, 2, 2, 3, 2,843.5748
101, 345, 5730756, 6904, 10180281, 2, 2, 2, 3, 2,46878.284044444445
41, 367, 5484571, 6099, 12018258, 2, 2, 2, 3, 2,5669.468833333333
41, 334, 5448186, 7039, 12163030, 2, 2, 2, 2, 2,42052.390011111114
101, 406, 5430402, 8707, 11743361, 2, 2, 2, 2, 2,843.6408
41, 397, 5670709, 7453, 10904438, 2, 2, 2, 3, 2,5669.468833333333
101, 404, 5501845, 7997, 10659994, 2, 2, 2, 3, 2,46878.184044444446
41, 418, 5970933, 6236, 11342498, 2, 2, 2, 3, 2,5669.468833333333
41, 406, 6051753, 6236, 11342498, 2, 2, 2, 3, 2,5669.468833333333
41, 357, 5911022, 6236, 11342498, 2, 2, 2, 3, 2,5669.468833333333
41, 399, 5531539, 6147, 11962689, 2, 2, 2, 3, 2,5669.468833333333
41, 420, 5748329, 6147, 11962689, 2, 2, 2, 3, 2,5669.468833333333
41, 422, 5508898, 6147, 11962689, 2, 2, 2, 3, 2,5669.468833333333
41, 374, 5674837, 5571, 11979681, 2, 2, 2, 3, 2,5669.468833333333
41, 380, 5845024, 5571, 11979681, 2, 2, 2, 3, 2,5669.468833333333
41, 360, 6046995, 5571, 11979681, 2, 2, 2, 3, 2,5669.468833333333
41, 325, 5621782, 5879, 12248747, 2, 2, 2, 3, 2,5669.468833333333
41, 345, 5762959, 5879, 12248747, 2, 2, 2, 3, 2,5669.468833333333
41, 321, 5442999, 5879, 12248747, 2, 2, 2, 3, 2,5669.468833333333
101, 363, 6100963, 5787, 12186504, 2, 2, 2, 3, 2,0.033
41, 345, 6355382, 5239, 11885487, 2, 2, 2, 2, 2,5669.468833333333
41, 311, 6421596, 5239, 11885487, 2, 2, 2, 2, 2,5669.468833333333
41, 302, 6092218, 4587, 10272867, 2, 2, 2, 3, 2,5669.468833333333
41, 305, 7036806, 4587, 10272867, 2, 2, 2, 3, 2,5669.468833333333
41, 305, 7036806, 4587, 10272867, 2, 2, 2, 3, 2,5669.468833333333
41, 305, 7036806, 4587, 10272867, 2, 2, 2, 3, 2,5669.468833333333
41, 305, 7036806, 4587, 10272867, 2, 2, 2, 3, 2,5669.468833333333
41, 305, 7036806, 4587, 10272867, 2, 2, 2, 3, 2,5669.468833333333
41, 305, 7036806, 4587, 10272867, 2, 2, 2, 3, 2,5669.468833333333
41, 305, 7036806, 4587, 10272867, 2, 2, 2, 3, 2,5669.468833333333
41, 305, 7036806, 4587, 10272867, 2, 2, 2, 3, 2,5669.468833333333
41, 305, 7036806, 4587, 10272867, 2, 2, 2, 3, 2,5669.468833333333
41, 305, 7036806, 4587, 10272867, 2, 2, 2, 3, 2,5669.468833333333
41, 305, 7036806, 4587, 10272867, 2, 2, 2, 3, 2,5669.468833333333
41, 305, 7036806, 4587, 10272867, 2, 2, 2, 3, 2,5669.468833333333
41, 305, 7036806, 4587, 10272867, 2, 2, 2, 3, 2,5669.468833333333
41, 305, 7036806, 4587, 10272867, 2, 2, 2, 3, 2,5669.468833333333
41, 305, 7036806, 4587, 10272867, 2, 2, 2, 3, 2,5669.468833333333
41, 305, 7036806, 4587, 10272867, 2, 2, 2, 3, 2,5669.468833333333
41, 305, 7036806, 4587, 10272867, 2, 2, 2, 3, 2,5669.468833333333
41, 305, 7036806, 4587, 10272867, 2, 2, 2, 3, 2,5669.468833333333
41, 305, 7036806, 4587, 10272867, 2, 2, 2, 3, 2,5669.468833333333
41, 305, 7036806, 4587, 10272867, 2, 2, 2, 3, 2,5669.468833333333
41, 305, 7036806, 4587, 10272867, 2, 2, 2, 3, 2,5669.468833333333
41, 305, 7036806, 4587, 10272867, 2, 2, 2, 3, 2,5669.468833333333
41, 305, 7036806, 4587, 10272867, 2, 2, 2, 3, 2,5669.468833333333
41, 305, 7036806, 4587, 10272867, 2, 2, 2, 3, 2,5669.468833333333
41, 305, 7036806, 4587, 10272867, 2, 2, 2, 3, 2,5669.468833333333
41, 305, 7036806, 4587, 10272867, 2, 2, 2, 3, 2,5669.468833333333
41, 305, 7036806, 4587, 10272867, 2, 2, 2, 3, 2,5669.468833333333
41, 305, 7036806, 4587, 10272867, 2, 2, 2, 3, 2,5669.468833333333
41, 305, 7036806, 4587, 10272867, 2, 2, 2, 3, 2,5669.468833333333
41, 305, 7036806, 4587, 10272867, 2, 2, 2, 3, 2,5669.468833333333
41, 305, 7036806, 4587, 10272867, 2, 2, 2, 3, 2,5669.468833333333
41, 305, 7036806, 4587, 10272867, 2, 2, 2, 3, 2,5669.468833333333
41, 305, 7036806, 4587, 10272867, 2, 2, 2, 3, 2,5669.468833333333
41, 305, 7036806, 4587, 10272867, 2, 2, 2, 3, 2,5669.468833333333
41, 305, 7036806, 4587, 10272867, 2, 2, 2, 3, 2,5669.468833333333
41, 305, 7036806, 4587, 10272867, 2, 2, 2, 3, 2,5669.468833333333
41, 305, 7036806, 4587, 10272867, 2, 2, 2, 3, 2,5669.468833333333
41, 305, 7036806, 4587, 10272867, 2, 2, 2, 3, 2,5669.468833333333
41, 305, 7036806, 4587, 10272867, 2, 2, 2, 3, 2,5669.468833333333
41, 305, 7036806, 4587, 10272867, 2, 2, 2, 3, 2,5669.468833333333
41, 305, 7036806, 4587, 10272867, 2, 2, 2, 3, 2,5669.468833333333
41, 305, 7036806, 4587, 10272867, 2, 2, 2, 3, 2,5669.468833333333
41, 305, 7036806, 4587, 10272867, 2, 2, 2, 3, 2,5669.468833333333
41, 305, 7036806, 4587, 10272867, 2, 2, 2, 3, 2,5669.468833333333
41, 305, 7036806, 4587, 10272867, 2, 2, 2, 3, 2,5669.468833333333
41, 305, 7036806, 4587, 10272867, 2, 2, 2, 3, 2,5669.468833333333
41, 305, 7036806, 4587, 10272867, 2, 2, 2, 3, 2,5669.468833333333
41, 305, 7036806, 4587, 10272867, 2, 2, 2, 3, 2,5669.468833333333
41, 305, 7036806, 4587, 10272867, 2, 2, 2, 3, 2,5669.468833333333
41, 305, 7036806, 4587, 10272867, 2, 2, 2, 3, 2,5669.468833333333
41, 305, 7036806, 4587, 10272867, 2, 2, 2, 3, 2,5669.468833333333
41, 305, 7036806, 4587, 10272867, 2, 2, 2, 3, 2,5669.468833333333
41, 305, 7036806, 4587, 10272867, 2, 2, 2, 3, 2,5669.468833333333
41, 305, 7036806, 4587, 10272867, 2, 2, 2, 3, 2,5669.468833333333
41, 305, 7036806, 4587, 10272867, 2, 2, 2, 3, 2,5669.468833333333
41, 305, 7036806, 4587, 10272867, 2, 2, 2, 3, 2,5669.468833333333
41, 305, 7036806, 4587, 10272867, 2, 2, 2, 3, 2,5669.468833333333
41, 305, 7036806, 4587, 10272867, 2, 2, 2, 3, 2,5669.468833333333
41, 305, 7036806, 4587, 10272867, 2, 2, 2, 3, 2,5669.468833333333
41, 305, 7036806, 4587, 10272867, 2, 2, 2, 3, 2,5669.468833333333
41, 305, 7036806, 4587, 10272867, 2, 2, 2, 3, 2,5669.468833333333
41, 305, 7036806, 4587, 10272867, 2, 2, 2, 3, 2,5669.468833333333
41, 305, 7036806, 4587, 10272867, 2, 2, 2, 3, 2,5669.468833333333
41, 305, 7036806, 4587, 10272867, 2, 2, 2, 3, 2,5669.468833333333
41, 305, 7036806, 4587, 10272867, 2, 2, 2, 3, 2,5669.468833333333
41, 305, 7036806, 4587, 10272867, 2, 2, 2, 3, 2,5669.468833333333
41, 305, 7036806, 4587, 10272867, 2, 2, 2, 3, 2,5669.468833333333
41, 305, 7036806, 4587, 10272867, 2, 2, 2, 3, 2,5669.468833333333
41, 305, 7036806, 4587, 10272867, 2, 2, 2, 3, 2,5669.468833333333
41, 305, 7036806, 4587, 10272867, 2, 2, 2, 3, 2,5669.468833333333
41, 305, 7036806, 4587, 10272867, 2, 2, 2, 3, 2,5669.468833333333
